Workbook

Sheet Data
A1: VisitNum | B1: VisitNum_Month | C1: Date | D1: ClassLength | E1: Splat | F1: Calories | G1: Avg HR | H1: Max HR | I1: Gray Min | J1: Blue Min | K1: Green Min | L1: Orange Min | M1: Red Min | N1: Location | O1: Time | P1: Trainer | Q1: DaysSince | R1: Mon_Yr | S1: ClassType | T1: Weekday | U1: Twelve_or_Above | V1: Gray_Perc | W1: Blue_Perc | X1: Green_Perc | Y1: Orange_Perc | Z1: Red_Perc | AA1: Monthly_Cost | AB1: Cost_Per_Class | AC1: Calories_Month | AD1: SplatPts_Month | AE1: Year | AF1: ExtraExpenses | AG1: Goal | AH1: Cal_Min | AI1: Morn_Even | AJ1: Week_Month | AK1: Month | AL1: Calories_Splat | AM1: Visits_Studio | AN1: State | AO1: State_Perc | AP1: Latitude | AQ1: Longitude | AR1: Visits_Trainer | AS1: ScaleSplat | AT1: ScaleCalories | AU1: ScaleMin | AV1: ScaleCombine | AW1: CompositeScore | AX1: MONYEAR | AY1: Quarter
A2: 1 | B2: =COUNTIF(R:R,R2) -> 3 | C2: 43538 | D2: =SUM(Table2[[#This Row],[Gray Min]:[Red Min]]) -> 55 | E2: 1 | F2: 565 | G2: 122 | H2: 165 | I2: 18 | J2: 20 | K2: 16 | L2: 1 | M2: 0 | N2: Dunn Lorring, VA | O2: 4:30PM | P2: Audrey | R2: =MONTH(C2)&"-"&YEAR(C2) -> 3-2019 | T2: =IF(WEEKDAY(C2)=1,"Sunday",IF(WEEKDAY(C2)=2,"Monday",IF(WEEKDAY(C2)=3,"Tuesday",IF(WEEKDAY(C2)=4,"Wednesday",IF(WEEKDAY(C2)=5,"Thursday",IF(WEEKDAY(C2)=6,"Friday","Saturday")))))) -> Thursday | U2: =IF(E2>=12,1,0) -> 0 | V2: =IFERROR(Table2[[#This Row],[Gray Min]]/Table2[[#This Row],[ClassLength]],"") -> 0.32727273 | W2: =IFERROR(Table2[[#This Row],[Blue Min]]/Table2[[#This Row],[ClassLength]],"") -> 0.36363636 | X2: =IFERROR(Table2[[#This Row],[Green Min]]/Table2[[#This Row],[ClassLength]],"") -> 0.29090909 | Y2: =IFERROR(Table2[[#This Row],[Orange Min]]/Table2[[#This Row],[ClassLength]],"") -> 0.018181818 | Z2: =IFERROR(Table2[[#This Row],[Red Min]]/Table2[[#This Row],[ClassLength]],"") -> 0 | AA2: 133.49 | AB2: =AA2/3 -> 44.496667 | AC2: =AVERAGEIF(R:R,R2,F:F) -> 596.33333 | AD2: =AVERAGEIF(R:R,R2,E:E) -> 1.3333333 | AE2: =YEAR(C2) -> 2019 | AG2: 3 | AH2: =F2/D2 -> 10.272727 | AI2: =RIGHT(O2,2) -> PM | AJ2: =R2&"-"&WEEKNUM(C2,1)-WEEKNUM(DATE(YEAR(C2),MONTH(C2),1),1)+1 -> 3-2019-3 | AK2: =MONTH(C2) -> 3 | AL2: =IFERROR(Table2[[#This Row],[Calories]]/Table2[[#This Row],[Splat]],"") -> 565 | AM2: =COUNTIF(N$2:$N$938,N2) -> 35 | AN2: =VLOOKUP(N2,'Helpful Tables'!A:D,4,FALSE) -> Virginia | AO2: =COUNTIF(AN:AN,Table2[[#This Row],[State]])/COUNTA(AN:AN) -> 0.056503198 | AP2: =VLOOKUP(N2,'Helpful Tables'!A:B,2,FALSE) -> 38.881885 | AQ2: =VLOOKUP(N2,'Helpful Tables'!A:C,3,FALSE) -> -77.229702 | AR2: =COUNTIF(P$2:$P$938,P2) -> 13 | AS2: {=_xlfn.IFS(E2<6,((E2/D2)*60)*0.5,AND(E2>=6,E2<9),((E2/D2)*60)*0.75,AND(E2>=9,E2<=11),((E2/D2)*60)*0.9,AND(E2=12),((E2/D2)*60)*1,AND(E2>=13,E2<=15),((E2/D2)*60)*1.2,AND(E2>=16,E2<=19),((E2/D2)*60)*1.5,E2>=20,((E2/D2)*60)*1.8)} -> 0.54545455 | AT2: {=_xlfn.IFS(F2<550,((F2/D2)*60)*0.5,AND(F2>=550,F2<575),((F2/D2)*60)*0.75,AND(F2>=575,F2<600),((F2/D2)*60)*0.9,AND(F2=600),((F2/D2)*60)*1,AND(F2>=601,F2<=625),((F2/D2)*60)*1.2,AND(F2>=626,F2<=650),((F2/D2)*60)*1.5,F2>=651,((F2/D2)*60)*1.8)} -> 462.27273 | AU2: =(I2*-1.2)+(J2*-1.1)+(K2*1.2)+(L2*1.3)+(M2*1.5) -> -23.1 | AV2: =(AS2*0.4)+(AT2*0.4)+(AU2*0.2) -> 180.50727 | AW2: =PERCENTRANK(AV:AV,AV2)*100 -> 10.7 | AX2: =_xlfn.CONCAT(TEXT(C2,"mmm"),"-",AE2) -> Mar-2019 | AY2: =ROUNDUP(Table2[[#This Row],[Month]]/3,0) -> 1
A3: 2 | B3: =COUNTIF(R:R,R3) -> 3 | C3: 43545 | D3: =SUM(Table2[[#This Row],[Gray Min]:[Red Min]]) -> 58 | E3: 1 | F3: 586 | G3: 121 | H3: 167 | I3: 16 | J3: 17 | K3: 24 | L3: 1 | M3: 0 | N3: Dunn Lorring, VA | O3: 4:30PM | P3: Audrey | Q3: =C3-C2 -> 7 | R3: =MONTH(C3)&"-"&YEAR(C3) -> 3-2019 | T3: =IF(WEEKDAY(C3)=1,"Sunday",IF(WEEKDAY(C3)=2,"Monday",IF(WEEKDAY(C3)=3,"Tuesday",IF(WEEKDAY(C3)=4,"Wednesday",IF(WEEKDAY(C3)=5,"Thursday",IF(WEEKDAY(C3)=6,"Friday","Saturday")))))) -> Thursday | U3: =IF(E3>=12,1,0) -> 0 | V3: =IFERROR(Table2[[#This Row],[Gray Min]]/Table2[[#This Row],[ClassLength]],"") -> 0.27586207 | W3: =IFERROR(Table2[[#This Row],[Blue Min]]/Table2[[#This Row],[ClassLength]],"") -> 0.29310345 | X3: =IFERROR(Table2[[#This Row],[Green Min]]/Table2[[#This Row],[ClassLength]],"") -> 0.4137931 | Y3: =IFERROR(Table2[[#This Row],[Orange Min]]/Table2[[#This Row],[ClassLength]],"") -> 0.017241379 | Z3: =IFERROR(Table2[[#This Row],[Red Min]]/Table2[[#This Row],[ClassLength]],"") -> 0 | AA3: 133.49 | AB3: =AA3/3 -> 44.496667 | AC3: =AVERAGEIF(R:R,R3,F:F) -> 596.33333 | AD3: =AVERAGEIF(R:R,R3,E:E) -> 1.3333333 | AE3: =YEAR(C3) -> 2019 | AG3: 3 | AH3: =F3/D3 -> 10.103448 | AI3: =RIGHT(O3,2) -> PM | AJ3: =R3&"-"&WEEKNUM(C3,1)-WEEKNUM(DATE(YEAR(C3),MONTH(C3),1),1)+1 -> 3-2019-4 | AK3: =MONTH(C3) -> 3 | AL3: =IFERROR(Table2[[#This Row],[Calories]]/Table2[[#This Row],[Splat]],"") -> 586 | AM3: =COUNTIF(N$2:$N$938,N3) -> 35 | AN3: =VLOOKUP(N3,'Helpful Tables'!A:D,4,FALSE) -> Virginia | AO3: =COUNTIF(AN:AN,Table2[[#This Row],[State]])/COUNTA(AN:AN) -> 0.056503198 | AP3: =VLOOKUP(N3,'Helpful Tables'!A:B,2,FALSE) -> 38.881885 | AQ3: =VLOOKUP(N3,'Helpful Tables'!A:C,3,FALSE) -> -77.229702 | AR3: =COUNTIF(P$2:$P$938,P3) -> 13 | AS3: {=_xlfn.IFS(E3<6,((E3/D3)*60)*0.5,AND(E3>=6,E3<9),((E3/D3)*60)*0.75,AND(E3>=9,E3<=11),((E3/D3)*60)*0.9,AND(E3=12),((E3/D3)*60)*1,AND(E3>=13,E3<=15),((E3/D3)*60)*1.2,AND(E3>=16,E3<=19),((E3/D3)*60)*1.5,E3>=20,((E3/D3)*60)*1.8)} -> 0.51724138 | AT3: {=_xlfn.IFS(F3<550,((F3/D3)*60)*0.5,AND(F3>=550,F3<575),((F3/D3)*60)*0.75,AND(F3>=575,F3<600),((F3/D3)*60)*0.9,AND(F3=600),((F3/D3)*60)*1,AND(F3>=601,F3<=625),((F3/D3)*60)*1.2,AND(F3>=626,F3<=650),((F3/D3)*60)*1.5,F3>=651,((F3/D3)*60)*1.8)} -> 545.58621 | AU3: =(I3*-1.2)+(J3*-1.1)+(K3*1.2)+(L3*1.3)+(M3*1.5) -> -7.8 | AV3: =(AS3*0.4)+(AT3*0.4)+(AU3*0.2) -> 216.88138 | AW3: =PERCENTRANK(AV:AV,AV3)*100 -> 15.8 | AX3: =_xlfn.CONCAT(TEXT(C3,"mmm"),"-",AE3) -> Mar-2019 | AY3: =ROUNDUP(Table2[[#This Row],[Month]]/3,0) -> 1
A4: 3 | B4: =COUNTIF(R:R,R4) -> 3 | C4: 43552 | D4: =SUM(Table2[[#This Row],[Gray Min]:[Red Min]]) -> 57 | E4: 2 | F4: 638 | G4: 128 | H4: 169 | I4: 13 | J4: 17 | K4: 25 | L4: 2 | M4: 0 | N4: Dunn Lorring, VA | O4: 4:30PM | P4: Kandace | Q4: =C4-C3 -> 7 | R4: =MONTH(C4)&"-"&YEAR(C4) -> 3-2019 | T4: =IF(WEEKDAY(C4)=1,"Sunday",IF(WEEKDAY(C4)=2,"Monday",IF(WEEKDAY(C4)=3,"Tuesday",IF(WEEKDAY(C4)=4,"Wednesday",IF(WEEKDAY(C4)=5,"Thursday",IF(WEEKDAY(C4)=6,"Friday","Saturday")))))) -> Thursday | U4: =IF(E4>=12,1,0) -> 0 | V4: =IFERROR(Table2[[#This Row],[Gray Min]]/Table2[[#This Row],[ClassLength]],"") -> 0.22807018 | W4: =IFERROR(Table2[[#This Row],[Blue Min]]/Table2[[#This Row],[ClassLength]],"") -> 0.29824561 | X4: =IFERROR(Table2[[#This Row],[Green Min]]/Table2[[#This Row],[ClassLength]],"") -> 0.43859649 | Y4: =IFERROR(Table2[[#This Row],[Orange Min]]/Table2[[#This Row],[ClassLength]],"") -> 0.035087719 | Z4: =IFERROR(Table2[[#This Row],[Red Min]]/Table2[[#This Row],[ClassLength]],"") -> 0 | AA4: 133.49 | AB4: =AA4/3 -> 44.496667 | AC4: =AVERAGEIF(R:R,R4,F:F) -> 596.33333 | AD4: =AVERAGEIF(R:R,R4,E:E) -> 1.3333333 | AE4: =YEAR(C4) -> 2019 | AF4: 83.74 | AG4: 3 | AH4: =F4/D4 -> 11.192982 | AI4: =RIGHT(O4,2) -> PM | AJ4: =R4&"-"&WEEKNUM(C4,1)-WEEKNUM(DATE(YEAR(C4),MONTH(C4),1),1)+1 -> 3-2019-5 | AK4: =MONTH(C4) -> 3 | AL4: =IFERROR(Table2[[#This Row],[Calories]]/Table2[[#This Row],[Splat]],"") -> 319 | AM4: =COUNTIF(N$2:$N$938,N4) -> 35 | AN4: =VLOOKUP(N4,'Helpful Tables'!A:D,4,FALSE) -> Virginia | AO4: =COUNTIF(AN:AN,Table2[[#This Row],[State]])/COUNTA(AN:AN) -> 0.056503198 | AP4: =VLOOKUP(N4,'Helpful Tables'!A:B,2,FALSE) -> 38.881885 | AQ4: =VLOOKUP(N4,'Helpful Tables'!A:C,3,FALSE) -> -77.229702 | AR4: =COUNTIF(P$2:$P$938,P4) -> 10 | AS4: {=_xlfn.IFS(E4<6,((E4/D4)*60)*0.5,AND(E4>=6,E4<9),((E4/D4)*60)*0.75,AND(E4>=9,E4<=11),((E4/D4)*60)*0.9,AND(E4=12),((E4/D4)*60)*1,AND(E4>=13,E4<=15),((E4/D4)*60)*1.2,AND(E4>=16,E4<=19),((E4/D4)*60)*1.5,E4>=20,((E4/D4)*60)*1.8)} -> 1.0526316 | AT4: {=_xlfn.IFS(F4<550,((F4/D4)*60)*0.5,AND(F4>=550,F4<575),((F4/D4)*60)*0.75,AND(F4>=575,F4<600),((F4/D4)*60)*0.9,AND(F4=600),((F4/D4)*60)*1,AND(F4>=601,F4<=625),((F4/D4)*60)*1.2,AND(F4>=626,F4<=650),((F4/D4)*60)*1.5,F4>=651,((F4/D4)*60)*1.8)} -> 1007.3684 | AU4: =(I4*-1.2)+(J4*-1.1)+(K4*1.2)+(L4*1.3)+(M4*1.5) -> -1.7 | AV4: =(AS4*0.4)+(AT4*0.4)+(AU4*0.2) -> 403.02842 | AW4: =PERCENTRANK(AV:AV,AV4)*100 -> 54.6 | AX4: =_xlfn.CONCAT(TEXT(C4,"mmm"),"-",AE4) -> Mar-2019 | AY4: =ROUNDUP(Table2[[#This Row],[Month]]/3,0) -> 1
A5: 4 | B5: =COUNTIF(R:R,R5) -> 3 | C5: 43559 | D5: =SUM(Table2[[#This Row],[Gray Min]:[Red Min]]) -> 57 | E5: 8 | F5: 601 | G5: 124 | H5: 169 | I5: 25.9 | J5: 5.2666667 | K5: 17.533333 | L5: 8.3 | M5: 0 | N5: Dunn Lorring, VA | O5: 4:30PM | P5: Audrey | Q5: =C5-C4 -> 7 | R5: =MONTH(C5)&"-"&YEAR(C5) -> 4-2019 | T5: =IF(WEEKDAY(C5)=1,"Sunday",IF(WEEKDAY(C5)=2,"Monday",IF(WEEKDAY(C5)=3,"Tuesday",IF(WEEKDAY(C5)=4,"Wednesday",IF(WEEKDAY(C5)=5,"Thursday",IF(WEEKDAY(C5)=6,"Friday","Saturday")))))) -> Thursday | U5: =IF(E5>=12,1,0) -> 0 | V5: =IFERROR(Table2[[#This Row],[Gray Min]]/Table2[[#This Row],[ClassLength]],"") -> 0.45438596 | W5: =IFERROR(Table2[[#This Row],[Blue Min]]/Table2[[#This Row],[ClassLength]],"") -> 0.092397661 | X5: =IFERROR(Table2[[#This Row],[Green Min]]/Table2[[#This Row],[ClassLength]],"") -> 0.30760234 | Y5: =IFERROR(Table2[[#This Row],[Orange Min]]/Table2[[#This Row],[ClassLength]],"") -> 0.14561404 | Z5: =IFERROR(Table2[[#This Row],[Red Min]]/Table2[[#This Row],[ClassLength]],"") -> 0 | AA5: 49.75 | AB5: =AA5/3 -> 16.583333 | AC5: =AVERAGEIF(R:R,R5,F:F) -> 563.66667 | AD5: =AVERAGEIF(R:R,R5,E:E) -> 8.3333333 | AE5: =YEAR(C5) -> 2019 | AG5: 3 | AH5: =F5/D5 -> 10.54386 | AI5: =RIGHT(O5,2) -> PM | AJ5: =R5&"-"&WEEKNUM(C5,1)-WEEKNUM(DATE(YEAR(C5),MONTH(C5),1),1)+1 -> 4-2019-1 | AK5: =MONTH(C5) -> 4 | AL5: =IFERROR(Table2[[#This Row],[Calories]]/Table2[[#This Row],[Splat]],"") -> 75.125 | AM5: =COUNTIF(N$2:$N$938,N5) -> 35 | AN5: =VLOOKUP(N5,'Helpful Tables'!A:D,4,FALSE) -> Virginia | AO5: =COUNTIF(AN:AN,Table2[[#This Row],[State]])/COUNTA(AN:AN) -> 0.056503198 | AP5: =VLOOKUP(N5,'Helpful Tables'!A:B,2,FALSE) -> 38.881885 | AQ5: =VLOOKUP(N5,'Helpful Tables'!A:C,3,FALSE) -> -77.229702 | AR5: =COUNTIF(P$2:$P$938,P5) -> 13 | AS5: {=_xlfn.IFS(E5<6,((E5/D5)*60)*0.5,AND(E5>=6,E5<9),((E5/D5)*60)*0.75,AND(E5>=9,E5<=11),((E5/D5)*60)*0.9,AND(E5=12),((E5/D5)*60)*1,AND(E5>=13,E5<=15),((E5/D5)*60)*1.2,AND(E5>=16,E5<=19),((E5/D5)*60)*1.5,E5>=20,((E5/D5)*60)*1.8)} -> 6.3157895 | AT5: {=_xlfn.IFS(F5<550,((F5/D5)*60)*0.5,AND(F5>=550,F5<575),((F5/D5)*60)*0.75,AND(F5>=575,F5<600),((F5/D5)*60)*0.9,AND(F5=600),((F5/D5)*60)*1,AND(F5>=601,F5<=625),((F5/D5)*60)*1.2,AND(F5>=626,F5<=650),((F5/D5)*60)*1.5,F5>=651,((F5/D5)*60)*1.8)} -> 759.15789 | AU5: =(I5*-1.2)+(J5*-1.1)+(K5*1.2)+(L5*1.3)+(M5*1.5) -> -5.0433333 | AV5: =(AS5*0.4)+(AT5*0.4)+(AU5*0.2) -> 305.18081 | AW5: =PERCENTRANK(AV:AV,AV5)*100 -> 29.2 | AX5: =_xlfn.CONCAT(TEXT(C5,"mmm"),"-",AE5) -> Apr-2019 | AY5: =ROUNDUP(Table2[[#This Row],[Month]]/3,0) -> 2
A6: 5 | B6: =COUNTIF(R:R,R6) -> 3 | C6: 43564 | D6: =SUM(Table2[[#This Row],[Gray Min]:[Red Min]]) -> 57.033333 | E6: 9 | F6: 542 | G6: 117 | H6: 177 | I6: 26.65 | J6: 13.916667 | K6: 7.4166667 | L6: 7.2666667 | M6: 1.7833333 | N6: Dunn Lorring, VA | O6: 4:30PM | P6: Kacie | Q6: =C6-C5 -> 5 | R6: =MONTH(C6)&"-"&YEAR(C6) -> 4-2019 | T6: =IF(WEEKDAY(C6)=1,"Sunday",IF(WEEKDAY(C6)=2,"Monday",IF(WEEKDAY(C6)=3,"Tuesday",IF(WEEKDAY(C6)=4,"Wednesday",IF(WEEKDAY(C6)=5,"Thursday",IF(WEEKDAY(C6)=6,"Friday","Saturday")))))) -> Tuesday | U6: =IF(E6>=12,1,0) -> 0 | V6: =IFERROR(Table2[[#This Row],[Gray Min]]/Table2[[#This Row],[ClassLength]],"") -> 0.4672706 | W6: =IFERROR(Table2[[#This Row],[Blue Min]]/Table2[[#This Row],[ClassLength]],"") -> 0.24400935 | X6: =IFERROR(Table2[[#This Row],[Green Min]]/Table2[[#This Row],[ClassLength]],"") -> 0.13004091 | Y6: =IFERROR(Table2[[#This Row],[Orange Min]]/Table2[[#This Row],[ClassLength]],"") -> 0.12741087 | Z6: =IFERROR(Table2[[#This Row],[Red Min]]/Table2[[#This Row],[ClassLength]],"") -> 0.031268264 | AA6: 49.75 | AB6: =AA6/3 -> 16.583333 | AC6: =AVERAGEIF(R:R,R6,F:F) -> 563.66667 | AD6: =AVERAGEIF(R:R,R6,E:E) -> 8.3333333 | AE6: =YEAR(C6) -> 2019 | AG6: 3 | AH6: =F6/D6 -> 9.5032145 | AI6: =RIGHT(O6,2) -> PM | AJ6: =R6&"-"&WEEKNUM(C6,1)-WEEKNUM(DATE(YEAR(C6),MONTH(C6),1),1)+1 -> 4-2019-2 | AK6: =MONTH(C6) -> 4 | AL6: =IFERROR(Table2[[#This Row],[Calories]]/Table2[[#This Row],[Splat]],"") -> 60.222222 | AM6: =COUNTIF(N$2:$N$938,N6) -> 35 | AN6: =VLOOKUP(N6,'Helpful Tables'!A:D,4,FALSE) -> Virginia | AO6: =COUNTIF(AN:AN,Table2[[#This Row],[State]])/COUNTA(AN:AN) -> 0.056503198 | AP6: =VLOOKUP(N6,'Helpful Tables'!A:B,2,FALSE) -> 38.881885 | AQ6: =VLOOKUP(N6,'Helpful Tables'!A:C,3,FALSE) -> -77.229702 | AR6: =COUNTIF(P$2:$P$938,P6) -> 2 | AS6: {=_xlfn.IFS(E6<6,((E6/D6)*60)*0.5,AND(E6>=6,E6<9),((E6/D6)*60)*0.75,AND(E6>=9,E6<=11),((E6/D6)*60)*0.9,AND(E6=12),((E6/D6)*60)*1,AND(E6>=13,E6<=15),((E6/D6)*60)*1.2,AND(E6>=16,E6<=19),((E6/D6)*60)*1.5,E6>=20,((E6/D6)*60)*1.8)} -> 8.5213326 | AT6: {=_xlfn.IFS(F6<550,((F6/D6)*60)*0.5,AND(F6>=550,F6<575),((F6/D6)*60)*0.75,AND(F6>=575,F6<600),((F6/D6)*60)*0.9,AND(F6=600),((F6/D6)*60)*1,AND(F6>=601,F6<=625),((F6/D6)*60)*1.2,AND(F6>=626,F6<=650),((F6/D6)*60)*1.5,F6>=651,((F6/D6)*60)*1.8)} -> 285.09643 | AU6: =(I6*-1.2)+(J6*-1.1)+(K6*1.2)+(L6*1.3)+(M6*1.5) -> -26.266667 | AV6: =(AS6*0.4)+(AT6*0.4)+(AU6*0.2) -> 112.19377 | AW6: =PERCENTRANK(AV:AV,AV6)*100 -> 4.5 | AX6: =_xlfn.CONCAT(TEXT(C6,"mmm"),"-",AE6) -> Apr-2019 | AY6: =ROUNDUP(Table2[[#This Row],[Month]]/3,0) -> 2
A7: 6 | B7: =COUNTIF(R:R,R7) -> 3 | C7: 43573 | D7: =SUM(Table2[[#This Row],[Gray Min]:[Red Min]]) -> 57 | E7: 8 | F7: 548 | G7: 118 | H7: 167 | I7: 29.066667 | J7: 8.0333333 | K7: 12.25 | L7: 7.65 | M7: 0 | N7: Dunn Lorring, VA | O7: 4:30PM | P7: Audrey | Q7: =C7-C6 -> 9 | R7: =MONTH(C7)&"-"&YEAR(C7) -> 4-2019 | T7: =IF(WEEKDAY(C7)=1,"Sunday",IF(WEEKDAY(C7)=2,"Monday",IF(WEEKDAY(C7)=3,"Tuesday",IF(WEEKDAY(C7)=4,"Wednesday",IF(WEEKDAY(C7)=5,"Thursday",IF(WEEKDAY(C7)=6,"Friday","Saturday")))))) -> Thursday | U7: =IF(E7>=12,1,0) -> 0 | V7: =IFERROR(Table2[[#This Row],[Gray Min]]/Table2[[#This Row],[ClassLength]],"") -> 0.50994152 | W7: =IFERROR(Table2[[#This Row],[Blue Min]]/Table2[[#This Row],[ClassLength]],"") -> 0.14093567 | X7: =IFERROR(Table2[[#This Row],[Green Min]]/Table2[[#This Row],[ClassLength]],"") -> 0.21491228 | Y7: =IFERROR(Table2[[#This Row],[Orange Min]]/Table2[[#This Row],[ClassLength]],"") -> 0.13421053 | Z7: =IFERROR(Table2[[#This Row],[Red Min]]/Table2[[#This Row],[ClassLength]],"") -> 0 | AA7: 49.75 | AB7: =AA7/3 -> 16.583333 | AC7: =AVERAGEIF(R:R,R7,F:F) -> 563.66667 | AD7: =AVERAGEIF(R:R,R7,E:E) -> 8.3333333 | AE7: =YEAR(C7) -> 2019 | AG7: 3 | AH7: =F7/D7 -> 9.6140351 | AI7: =RIGHT(O7,2) -> PM | AJ7: =R7&"-"&WEEKNUM(C7,1)-WEEKNUM(DATE(YEAR(C7),MONTH(C7),1),1)+1 -> 4-2019-3 | AK7: =MONTH(C7) -> 4 | AL7: =IFERROR(Table2[[#This Row],[Calories]]/Table2[[#This Row],[Splat]],"") -> 68.5 | AM7: =COUNTIF(N$2:$N$938,N7) -> 35 | AN7: =VLOOKUP(N7,'Helpful Tables'!A:D,4,FALSE) -> Virginia | AO7: =COUNTIF(AN:AN,Table2[[#This Row],[State]])/COUNTA(AN:AN) -> 0.056503198 | AP7: =VLOOKUP(N7,'Helpful Tables'!A:B,2,FALSE) -> 38.881885 | AQ7: =VLOOKUP(N7,'Helpful Tables'!A:C,3,FALSE) -> -77.229702 | AR7: =COUNTIF(P$2:$P$938,P7) -> 13 | AS7: {=_xlfn.IFS(E7<6,((E7/D7)*60)*0.5,AND(E7>=6,E7<9),((E7/D7)*60)*0.75,AND(E7>=9,E7<=11),((E7/D7)*60)*0.9,AND(E7=12),((E7/D7)*60)*1,AND(E7>=13,E7<=15),((E7/D7)*60)*1.2,AND(E7>=16,E7<=19),((E7/D7)*60)*1.5,E7>=20,((E7/D7)*60)*1.8)} -> 6.3157895 | AT7: {=_xlfn.IFS(F7<550,((F7/D7)*60)*0.5,AND(F7>=550,F7<575),((F7/D7)*60)*0.75,AND(F7>=575,F7<600),((F7/D7)*60)*0.9,AND(F7=600),((F7/D7)*60)*1,AND(F7>=601,F7<=625),((F7/D7)*60)*1.2,AND(F7>=626,F7<=650),((F7/D7)*60)*1.5,F7>=651,((F7/D7)*60)*1.8)} -> 288.42105 | AU7: =(I7*-1.2)+(J7*-1.1)+(K7*1.2)+(L7*1.3)+(M7*1.5) -> -19.071667 | AV7: =(AS7*0.4)+(AT7*0.4)+(AU7*0.2) -> 114.0804 | AW7: =PERCENTRANK(AV:AV,AV7)*100 -> 5.2 | AX7: =_xlfn.CONCAT(TEXT(C7,"mmm"),"-",AE7) -> Apr-2019 | AY7: =ROUNDUP(Table2[[#This Row],[Month]]/3,0) -> 2
A8: 7 | B8: =COUNTIF(R:R,R8) -> 4 | C8: 43587 | D8: =SUM(Table2[[#This Row],[Gray Min]:[Red Min]]) -> 53 | E8: 8 | F8: 534 | G8: 121 | H8: 177 | I8: 24.566667 | J8: 12.333333 | K8: 7.65 | L8: 6.1666667 | M8: 2.2833333 | N8: Dunn Lorring, VA | O8: 4:30PM | P8: Audrey | Q8: =C8-C7 -> 14 | R8: =MONTH(C8)&"-"&YEAR(C8) -> 5-2019 | T8: =IF(WEEKDAY(C8)=1,"Sunday",IF(WEEKDAY(C8)=2,"Monday",IF(WEEKDAY(C8)=3,"Tuesday",IF(WEEKDAY(C8)=4,"Wednesday",IF(WEEKDAY(C8)=5,"Thursday",IF(WEEKDAY(C8)=6,"Friday","Saturday")))))) -> Thursday | U8: =IF(E8>=12,1,0) -> 0 | V8: =IFERROR(Table2[[#This Row],[Gray Min]]/Table2[[#This Row],[ClassLength]],"") -> 0.46352201 | W8: =IFERROR(Table2[[#This Row],[Blue Min]]/Table2[[#This Row],[ClassLength]],"") -> 0.2327044 | X8: =IFERROR(Table2[[#This Row],[Green Min]]/Table2[[#This Row],[ClassLength]],"") -> 0.14433962 | Y8: =IFERROR(Table2[[#This Row],[Orange Min]]/Table2[[#This Row],[ClassLength]],"") -> 0.1163522 | Z8: =IFERROR(Table2[[#This Row],[Red Min]]/Table2[[#This Row],[ClassLength]],"") -> 0.043081761 | AA8: 66.33 | AB8: =AA8/4 -> 16.5825 | AC8: =AVERAGEIF(R:R,R8,F:F) -> 641 | AD8: =AVERAGEIF(R:R,R8,E:E) -> 10.5 | AE8: =YEAR(C8) -> 2019 | AG8: 3 | AH8: =F8/D8 -> 10.075472 | AI8: =RIGHT(O8,2) -> PM | AJ8: =R8&"-"&WEEKNUM(C8,1)-WEEKNUM(DATE(YEAR(C8),MONTH(C8),1),1)+1 -> 5-2019-1 | AK8: =MONTH(C8) -> 5 | AL8: =IFERROR(Table2[[#This Row],[Calories]]/Table2[[#This Row],[Splat]],"") -> 66.75 | AM8: =COUNTIF(N$2:$N$938,N8) -> 35 | AN8: =VLOOKUP(N8,'Helpful Tables'!A:D,4,FALSE) -> Virginia | AO8: =COUNTIF(AN:AN,Table2[[#This Row],[State]])/COUNTA(AN:AN) -> 0.056503198 | AP8: =VLOOKUP(N8,'Helpful Tables'!A:B,2,FALSE) -> 38.881885 | AQ8: =VLOOKUP(N8,'Helpful Tables'!A:C,3,FALSE) -> -77.229702 | AR8: =COUNTIF(P$2:$P$938,P8) -> 13 | AS8: {=_xlfn.IFS(E8<6,((E8/D8)*60)*0.5,AND(E8>=6,E8<9),((E8/D8)*60)*0.75,AND(E8>=9,E8<=11),((E8/D8)*60)*0.9,AND(E8=12),((E8/D8)*60)*1,AND(E8>=13,E8<=15),((E8/D8)*60)*1.2,AND(E8>=16,E8<=19),((E8/D8)*60)*1.5,E8>=20,((E8/D8)*60)*1.8)} -> 6.7924528 | AT8: {=_xlfn.IFS(F8<550,((F8/D8)*60)*0.5,AND(F8>=550,F8<575),((F8/D8)*60)*0.75,AND(F8>=575,F8<600),((F8/D8)*60)*0.9,AND(F8=600),((F8/D8)*60)*1,AND(F8>=601,F8<=625),((F8/D8)*60)*1.2,AND(F8>=626,F8<=650),((F8/D8)*60)*1.5,F8>=651,((F8/D8)*60)*1.8)} -> 302.26415 | AU8: =(I8*-1.2)+(J8*-1.1)+(K8*1.2)+(L8*1.3)+(M8*1.5) -> -22.425 | AV8: =(AS8*0.4)+(AT8*0.4)+(AU8*0.2) -> 119.13764 | AW8: =PERCENTRANK(AV:AV,AV8)*100 -> 6.6 | AX8: =_xlfn.CONCAT(TEXT(C8,"mmm"),"-",AE8) -> May-2019 | AY8: =ROUNDUP(Table2[[#This Row],[Month]]/3,0) -> 2
A9: 8 | B9: =COUNTIF(R:R,R9) -> 4 | C9: 43599 | D9: =SUM(Table2[[#This Row],[Gray Min]:[Red Min]]) -> 58 | E9: 12 | F9: 649 | G9: 129 | H9: 177 | I9: 20.466667 | J9: 10.083333 | K9: 16.233333 | L9: 9.6833333 | M9: 1.5333333 | N9: Dunn Lorring, VA | O9: 4:30PM | P9: Kacie | Q9: =C9-C8 -> 12 | R9: =MONTH(C9)&"-"&YEAR(C9) -> 5-2019 | T9: =IF(WEEKDAY(C9)=1,"Sunday",IF(WEEKDAY(C9)=2,"Monday",IF(WEEKDAY(C9)=3,"Tuesday",IF(WEEKDAY(C9)=4,"Wednesday",IF(WEEKDAY(C9)=5,"Thursday",IF(WEEKDAY(C9)=6,"Friday","Saturday")))))) -> Tuesday | U9: =IF(E9>=12,1,0) -> 1 | V9: =IFERROR(Table2[[#This Row],[Gray Min]]/Table2[[#This Row],[ClassLength]],"") -> 0.35287356 | W9: =IFERROR(Table2[[#This Row],[Blue Min]]/Table2[[#This Row],[ClassLength]],"") -> 0.17385057 | X9: =IFERROR(Table2[[#This Row],[Green Min]]/Table2[[#This Row],[ClassLength]],"") -> 0.27988506 | Y9: =IFERROR(Table2[[#This Row],[Orange Min]]/Table2[[#This Row],[ClassLength]],"") -> 0.16695402 | Z9: =IFERROR(Table2[[#This Row],[Red Min]]/Table2[[#This Row],[ClassLength]],"") -> 0.026436782 | AA9: 66.33 | AB9: =AA9/4 -> 16.5825 | AC9: =AVERAGEIF(R:R,R9,F:F) -> 641 | AD9: =AVERAGEIF(R:R,R9,E:E) -> 10.5 | AE9: =YEAR(C9) -> 2019 | AG9: 3 | AH9: =F9/D9 -> 11.189655 | AI9: =RIGHT(O9,2) -> PM | AJ9: =R9&"-"&WEEKNUM(C9,1)-WEEKNUM(DATE(YEAR(C9),MONTH(C9),1),1)+1 -> 5-2019-3 | AK9: =MONTH(C9) -> 5 | AL9: =IFERROR(Table2[[#This Row],[Calories]]/Table2[[#This Row],[Splat]],"") -> 54.083333 | AM9: =COUNTIF(N$2:$N$938,N9) -> 35 | AN9: =VLOOKUP(N9,'Helpful Tables'!A:D,4,FALSE) -> Virginia | AO9: =COUNTIF(AN:AN,Table2[[#This Row],[State]])/COUNTA(AN:AN) -> 0.056503198 | AP9: =VLOOKUP(N9,'Helpful Tables'!A:B,2,FALSE) -> 38.881885 | AQ9: =VLOOKUP(N9,'Helpful Tables'!A:C,3,FALSE) -> -77.229702 | AR9: =COUNTIF(P$2:$P$938,P9) -> 2 | AS9: {=_xlfn.IFS(E9<6,((E9/D9)*60)*0.5,AND(E9>=6,E9<9),((E9/D9)*60)*0.75,AND(E9>=9,E9<=11),((E9/D9)*60)*0.9,AND(E9=12),((E9/D9)*60)*1,AND(E9>=13,E9<=15),((E9/D9)*60)*1.2,AND(E9>=16,E9<=19),((E9/D9)*60)*1.5,E9>=20,((E9/D9)*60)*1.8)} -> 12.413793 | AT9: {=_xlfn.IFS(F9<550,((F9/D9)*60)*0.5,AND(F9>=550,F9<575),((F9/D9)*60)*0.75,AND(F9>=575,F9<600),((F9/D9)*60)*0.9,AND(F9=600),((F9/D9)*60)*1,AND(F9>=601,F9<=625),((F9/D9)*60)*1.2,AND(F9>=626,F9<=650),((F9/D9)*60)*1.5,F9>=651,((F9/D9)*60)*1.8)} -> 1007.069 | AU9: =(I9*-1.2)+(J9*-1.1)+(K9*1.2)+(L9*1.3)+(M9*1.5) -> -1.2833333 | AV9: =(AS9*0.4)+(AT9*0.4)+(AU9*0.2) -> 407.53644 | AW9: =PERCENTRANK(AV:AV,AV9)*100 -> 57.3 | AX9: =_xlfn.CONCAT(TEXT(C9,"mmm"),"-",AE9) -> May-2019 | AY9: =ROUNDUP(Table2[[#This Row],[Month]]/3,0) -> 2
A10: 9 | B10: =COUNTIF(R:R,R10) -> 4 | C10: 43608 | D10: =SUM(Table2[[#This Row],[Gray Min]:[Red Min]]) -> 59.05 | E10: 13 | F10: 709 | G10: 134 | H10: 177 | I10: 9.6666667 | J10: 15.383333 | K10: 21.316667 | L10: 12.583333 | M10: 0.1 | N10: Dunn Lorring, VA | O10: 4:30PM | P10: Audrey | Q10: =C10-C9 -> 9 | R10: =MONTH(C10)&"-"&YEAR(C10) -> 5-2019 | T10: =IF(WEEKDAY(C10)=1,"Sunday",IF(WEEKDAY(C10)=2,"Monday",IF(WEEKDAY(C10)=3,"Tuesday",IF(WEEKDAY(C10)=4,"Wednesday",IF(WEEKDAY(C10)=5,"Thursday",IF(WEEKDAY(C10)=6,"Friday","Saturday")))))) -> Thursday | U10: =IF(E10>=12,1,0) -> 1 | V10: =IFERROR(Table2[[#This Row],[Gray Min]]/Table2[[#This Row],[ClassLength]],"") -> 0.16370308 | W10: =IFERROR(Table2[[#This Row],[Blue Min]]/Table2[[#This Row],[ClassLength]],"") -> 0.26051369 | X10: =IFERROR(Table2[[#This Row],[Green Min]]/Table2[[#This Row],[ClassLength]],"") -> 0.36099351 | Y10: =IFERROR(Table2[[#This Row],[Orange Min]]/Table2[[#This Row],[ClassLength]],"") -> 0.21309625 | Z10: =IFERROR(Table2[[#This Row],[Red Min]]/Table2[[#This Row],[ClassLength]],"") -> 0.0016934801 | AA10: 66.33 | AB10: =AA10/4 -> 16.5825 | AC10: =AVERAGEIF(R:R,R10,F:F) -> 641 | AD10: =AVERAGEIF(R:R,R10,E:E) -> 10.5 | AE10: =YEAR(C10) -> 2019 | AG10: 3 | AH10: =F10/D10 -> 12.006774 | AI10: =RIGHT(O10,2) -> PM | AJ10: =R10&"-"&WEEKNUM(C10,1)-WEEKNUM(DATE(YEAR(C10),MONTH(C10),1),1)+1 -> 5-2019-4 | AK10: =MONTH(C10) -> 5 | AL10: =IFERROR(Table2[[#This Row],[Calories]]/Table2[[#This Row],[Splat]],"") -> 54.538462 | AM10: =COUNTIF(N$2:$N$938,N10) -> 35 | AN10: =VLOOKUP(N10,'Helpful Tables'!A:D,4,FALSE) -> Virginia | AO10: =COUNTIF(AN:AN,Table2[[#This Row],[State]])/COUNTA(AN:AN) -> 0.056503198 | AP10: =VLOOKUP(N10,'Helpful Tables'!A:B,2,FALSE) -> 38.881885 | AQ10: =VLOOKUP(N10,'Helpful Tables'!A:C,3,FALSE) -> -77.229702 | AR10: =COUNTIF(P$2:$P$938,P10) -> 13 | AS10: {=_xlfn.IFS(E10<6,((E10/D10)*60)*0.5,AND(E10>=6,E10<9),((E10/D10)*60)*0.75,AND(E10>=9,E10<=11),((E10/D10)*60)*0.9,AND(E10=12),((E10/D10)*60)*1,AND(E10>=13,E10<=15),((E10/D10)*60)*1.2,AND(E10>=16,E10<=19),((E10/D10)*60)*1.5,E10>=20,((E10/D10)*60)*1.8)} -> 15.850974 | AT10: {=_xlfn.IFS(F10<550,((F10/D10)*60)*0.5,AND(F10>=550,F10<575),((F10/D10)*60)*0.75,AND(F10>=575,F10<600),((F10/D10)*60)*0.9,AND(F10=600),((F10/D10)*60)*1,AND(F10>=601,F10<=625),((F10/D10)*60)*1.2,AND(F10>=626,F10<=650),((F10/D10)*60)*1.5,F10>=651,((F10/D10)*60)*1.8)} -> 1296.7316 | AU10: =(I10*-1.2)+(J10*-1.1)+(K10*1.2)+(L10*1.3)+(M10*1.5) -> 13.566667 | AV10: =(AS10*0.4)+(AT10*0.4)+(AU10*0.2) -> 527.74636 | AW10: =PERCENTRANK(AV:AV,AV10)*100 -> 93.1 | AX10: =_xlfn.CONCAT(TEXT(C10,"mmm"),"-",AE10) -> May-2019 | AY10: =ROUNDUP(Table2[[#This Row],[Month]]/3,0) -> 2
A11: 10 | B11: =COUNTIF(R:R,R11) -> 4 | C11: 43615 | D11: =SUM(Table2[[#This Row],[Gray Min]:[Red Min]]) -> 56.3 | E11: 9 | F11: 672 | G11: 134 | H11: 177 | I11: 6.0833333 | J11: 21.183333 | K11: 19.533333 | L11: 8.25 | M11: 1.25 | N11: Dunn Lorring, VA | O11: 4:30PM | P11: Audrey | Q11: =C11-C10 -> 7 | R11: =MONTH(C11)&"-"&YEAR(C11) -> 5-2019 | T11: =IF(WEEKDAY(C11)=1,"Sunday",IF(WEEKDAY(C11)=2,"Monday",IF(WEEKDAY(C11)=3,"Tuesday",IF(WEEKDAY(C11)=4,"Wednesday",IF(WEEKDAY(C11)=5,"Thursday",IF(WEEKDAY(C11)=6,"Friday","Saturday")))))) -> Thursday | U11: =IF(E11>=12,1,0) -> 0 | V11: =IFERROR(Table2[[#This Row],[Gray Min]]/Table2[[#This Row],[ClassLength]],"") -> 0.1080521 | W11: =IFERROR(Table2[[#This Row],[Blue Min]]/Table2[[#This Row],[ClassLength]],"") -> 0.37625814 | X11: =IFERROR(Table2[[#This Row],[Green Min]]/Table2[[#This Row],[ClassLength]],"") -> 0.34695086 | Y11: =IFERROR(Table2[[#This Row],[Orange Min]]/Table2[[#This Row],[ClassLength]],"") -> 0.14653641 | Z11: =IFERROR(Table2[[#This Row],[Red Min]]/Table2[[#This Row],[ClassLength]],"") -> 0.022202487 | AA11: 66.33 | AB11: =AA11/4 -> 16.5825 | AC11: =AVERAGEIF(R:R,R11,F:F) -> 641 | AD11: =AVERAGEIF(R:R,R11,E:E) -> 10.5 | AE11: =YEAR(C11) -> 2019 | AG11: 3 | AH11: =F11/D11 -> 11.936057 | AI11: =RIGHT(O11,2) -> PM | AJ11: =R11&"-"&WEEKNUM(C11,1)-WEEKNUM(DATE(YEAR(C11),MONTH(C11),1),1)+1 -> 5-2019-5 | AK11: =MONTH(C11) -> 5 | AL11: =IFERROR(Table2[[#This Row],[Calories]]/Table2[[#This Row],[Splat]],"") -> 74.666667 | AM11: =COUNTIF(N$2:$N$938,N11) -> 35 | AN11: =VLOOKUP(N11,'Helpful Tables'!A:D,4,FALSE) -> Virginia | AO11: =COUNTIF(AN:AN,Table2[[#This Row],[State]])/COUNTA(AN:AN) -> 0.056503198 | AP11: =VLOOKUP(N11,'Helpful Tables'!A:B,2,FALSE) -> 38.881885 | AQ11: =VLOOKUP(N11,'Helpful Tables'!A:C,3,FALSE) -> -77.229702 | AR11: =COUNTIF(P$2:$P$938,P11) -> 13 | AS11: {=_xlfn.IFS(E11<6,((E11/D11)*60)*0.5,AND(E11>=6,E11<9),((E11/D11)*60)*0.75,AND(E11>=9,E11<=11),((E11/D11)*60)*0.9,AND(E11=12),((E11/D11)*60)*1,AND(E11>=13,E11<=15),((E11/D11)*60)*1.2,AND(E11>=16,E11<=19),((E11/D11)*60)*1.5,E11>=20,((E11/D11)*60)*1.8)} -> 8.6323268 | AT11: {=_xlfn.IFS(F11<550,((F11/D11)*60)*0.5,AND(F11>=550,F11<575),((F11/D11)*60)*0.75,AND(F11>=575,F11<600),((F11/D11)*60)*0.9,AND(F11=600),((F11/D11)*60)*1,AND(F11>=601,F11<=625),((F11/D11)*60)*1.2,AND(F11>=626,F11<=650),((F11/D11)*60)*1.5,F11>=651,((F11/D11)*60)*1.8)} -> 1289.0941 | AU11: =(I11*-1.2)+(J11*-1.1)+(K11*1.2)+(L11*1.3)+(M11*1.5) -> 5.4383333 | AV11: =(AS11*0.4)+(AT11*0.4)+(AU11*0.2) -> 520.17825 | AW11: =PERCENTRANK(AV:AV,AV11)*100 -> 90.2 | AX11: =_xlfn.CONCAT(TEXT(C11,"mmm"),"-",AE11) -> May-2019 | AY11: =ROUNDUP(Table2[[#This Row],[Month]]/3,0) -> 2
A12: 11 | B12: =COUNTIF(R:R,R12) -> 10 | C12: 43622 | D12: =SUM(Table2[[#This Row],[Gray Min]:[Red Min]]) -> 60.55 | E12: 14 | F12: 701 | G12: 131 | H12: 172 | I12: 17.783333 | J12: 13.9 | K12: 14.7 | L12: 14.116667 | M12: 0.05 | N12: Dunn Lorring, VA | O12: 4:30PM | P12: Audrey | Q12: =C12-C11 -> 7 | R12: =MONTH(C12)&"-"&YEAR(C12) -> 6-2019 | T12: =IF(WEEKDAY(C12)=1,"Sunday",IF(WEEKDAY(C12)=2,"Monday",IF(WEEKDAY(C12)=3,"Tuesday",IF(WEEKDAY(C12)=4,"Wednesday",IF(WEEKDAY(C12)=5,"Thursday",IF(WEEKDAY(C12)=6,"Friday","Saturday")))))) -> Thursday | U12: =IF(E12>=12,1,0) -> 1 | V12: =IFERROR(Table2[[#This Row],[Gray Min]]/Table2[[#This Row],[ClassLength]],"") -> 0.29369667 | W12: =IFERROR(Table2[[#This Row],[Blue Min]]/Table2[[#This Row],[ClassLength]],"") -> 0.22956235 | X12: =IFERROR(Table2[[#This Row],[Green Min]]/Table2[[#This Row],[ClassLength]],"") -> 0.24277457 | Y12: =IFERROR(Table2[[#This Row],[Orange Min]]/Table2[[#This Row],[ClassLength]],"") -> 0.23314066 | Z12: =IFERROR(Table2[[#This Row],[Red Min]]/Table2[[#This Row],[ClassLength]],"") -> 0.00082576383 | AA12: 33.17 | AB12: =AA12/2 -> 16.585 | AC12: =AVERAGEIF(R:R,R12,F:F) -> 669.6 | AD12: =AVERAGEIF(R:R,R12,E:E) -> 10.2 | AE12: =YEAR(C12) -> 2019 | AG12: 12 | AH12: =F12/D12 -> 11.577209 | AI12: =RIGHT(O12,2) -> PM | AJ12: =R12&"-"&WEEKNUM(C12,1)-WEEKNUM(DATE(YEAR(C12),MONTH(C12),1),1)+1 -> 6-2019-2 | AK12: =MONTH(C12) -> 6 | AL12: =IFERROR(Table2[[#This Row],[Calories]]/Table2[[#This Row],[Splat]],"") -> 50.071429 | AM12: =COUNTIF(N$2:$N$938,N12) -> 35 | AN12: =VLOOKUP(N12,'Helpful Tables'!A:D,4,FALSE) -> Virginia | AO12: =COUNTIF(AN:AN,Table2[[#This Row],[State]])/COUNTA(AN:AN) -> 0.056503198 | AP12: =VLOOKUP(N12,'Helpful Tables'!A:B,2,FALSE) -> 38.881885 | AQ12: =VLOOKUP(N12,'Helpful Tables'!A:C,3,FALSE) -> -77.229702 | AR12: =COUNTIF(P$2:$P$938,P12) -> 13 | AS12: {=_xlfn.IFS(E12<6,((E12/D12)*60)*0.5,AND(E12>=6,E12<9),((E12/D12)*60)*0.75,AND(E12>=9,E12<=11),((E12/D12)*60)*0.9,AND(E12=12),((E12/D12)*60)*1,AND(E12>=13,E12<=15),((E12/D12)*60)*1.2,AND(E12>=16,E12<=19),((E12/D12)*60)*1.5,E12>=20,((E12/D12)*60)*1.8)} -> 16.647399 | AT12: {=_xlfn.IFS(F12<550,((F12/D12)*60)*0.5,AND(F12>=550,F12<575),((F12/D12)*60)*0.75,AND(F12>=575,F12<600),((F12/D12)*60)*0.9,AND(F12=600),((F12/D12)*60)*1,AND(F12>=601,F12<=625),((F12/D12)*60)*1.2,AND(F12>=626,F12<=650),((F12/D12)*60)*1.5,F12>=651,((F12/D12)*60)*1.8)} -> 1250.3386 | AU12: =(I12*-1.2)+(J12*-1.1)+(K12*1.2)+(L12*1.3)+(M12*1.5) -> -0.56333333 | AV12: =(AS12*0.4)+(AT12*0.4)+(AU12*0.2) -> 506.68172 | AW12: =PERCENTRANK(AV:AV,AV12)*100 -> 83.5 | AX12: =_xlfn.CONCAT(TEXT(C12,"mmm"),"-",AE12) -> Jun-2019 | AY12: =ROUNDUP(Table2[[#This Row],[Month]]/3,0) -> 2
A13: 12 | B13: =COUNTIF(R:R,R13) -> 10 | C13: 43625 | D13: =SUM(Table2[[#This Row],[Gray Min]:[Red Min]]) -> 55.816667 | E13: 8 | F13: 667 | G13: 134 | H13: 187 | I13: 7.2 | J13: 17.866667 | K13: 22.65 | L13: 8.0833333 | M13: 0.016666667 | N13: Rosslyn, VA | O13: 10:30AM | P13: Courtney1 | Q13: =C13-C12 -> 3 | R13: =MONTH(C13)&"-"&YEAR(C13) -> 6-2019 | T13: =IF(WEEKDAY(C13)=1,"Sunday",IF(WEEKDAY(C13)=2,"Monday",IF(WEEKDAY(C13)=3,"Tuesday",IF(WEEKDAY(C13)=4,"Wednesday",IF(WEEKDAY(C13)=5,"Thursday",IF(WEEKDAY(C13)=6,"Friday","Saturday")))))) -> Sunday | U13: =IF(E13>=12,1,0) -> 0 | V13: =IFERROR(Table2[[#This Row],[Gray Min]]/Table2[[#This Row],[ClassLength]],"") -> 0.12899373 | W13: =IFERROR(Table2[[#This Row],[Blue Min]]/Table2[[#This Row],[ClassLength]],"") -> 0.32009555 | X13: =IFERROR(Table2[[#This Row],[Green Min]]/Table2[[#This Row],[ClassLength]],"") -> 0.40579277 | Y13: =IFERROR(Table2[[#This Row],[Orange Min]]/Table2[[#This Row],[ClassLength]],"") -> 0.14481935 | Z13: =IFERROR(Table2[[#This Row],[Red Min]]/Table2[[#This Row],[ClassLength]],"") -> 0.0002985966 | AA13: 33.17 | AB13: =AA13/2 -> 16.585 | AC13: =AVERAGEIF(R:R,R13,F:F) -> 669.6 | AD13: =AVERAGEIF(R:R,R13,E:E) -> 10.2 | AE13: =YEAR(C13) -> 2019 | AG13: 12 | AH13: =F13/D13 -> 11.949836 | AI13: =RIGHT(O13,2) -> AM | AJ13: =R13&"-"&WEEKNUM(C13,1)-WEEKNUM(DATE(YEAR(C13),MONTH(C13),1),1)+1 -> 6-2019-3 | AK13: =MONTH(C13) -> 6 | AL13: =IFERROR(Table2[[#This Row],[Calories]]/Table2[[#This Row],[Splat]],"") -> 83.375 | AM13: =COUNTIF(N$2:$N$938,N13) -> 9 | AN13: =VLOOKUP(N13,'Helpful Tables'!A:D,4,FALSE) -> Virginia | AO13: =COUNTIF(AN:AN,Table2[[#This Row],[State]])/COUNTA(AN:AN) -> 0.056503198 | AP13: =VLOOKUP(N13,'Helpful Tables'!A:B,2,FALSE) -> 38.894025 | AQ13: =VLOOKUP(N13,'Helpful Tables'!A:C,3,FALSE) -> -77.078213 | AR13: =COUNTIF(P$2:$P$938,P13) -> 1 | AS13: {=_xlfn.IFS(E13<6,((E13/D13)*60)*0.5,AND(E13>=6,E13<9),((E13/D13)*60)*0.75,AND(E13>=9,E13<=11),((E13/D13)*60)*0.9,AND(E13=12),((E13/D13)*60)*1,AND(E13>=13,E13<=15),((E13/D13)*60)*1.2,AND(E13>=16,E13<=19),((E13/D13)*60)*1.5,E13>=20,((E13/D13)*60)*1.8)} -> 6.4496865 | AT13: {=_xlfn.IFS(F13<550,((F13/D13)*60)*0.5,AND(F13>=550,F13<575),((F13/D13)*60)*0.75,AND(F13>=575,F13<600),((F13/D13)*60)*0.9,AND(F13=600),((F13/D13)*60)*1,AND(F13>=601,F13<=625),((F13/D13)*60)*1.2,AND(F13>=626,F13<=650),((F13/D13)*60)*1.5,F13>=651,((F13/D13)*60)*1.8)} -> 1290.5823 | AU13: =(I13*-1.2)+(J13*-1.1)+(K13*1.2)+(L13*1.3)+(M13*1.5) -> 9.42 | AV13: =(AS13*0.4)+(AT13*0.4)+(AU13*0.2) -> 520.69678 | AW13: =PERCENTRANK(AV:AV,AV13)*100 -> 90.5 | AX13: =_xlfn.CONCAT(TEXT(C13,"mmm"),"-",AE13) -> Jun-2019 | AY13: =ROUNDUP(Table2[[#This Row],[Month]]/3,0) -> 2
A14: 13 | B14: =COUNTIF(R:R,R14) -> 10 | C14: 43631 | D14: =SUM(Table2[[#This Row],[Gray Min]:[Red Min]]) -> 54.716667 | E14: 10 | F14: 622 | G14: 130 | H14: 175 | I14: 14.483333 | J14: 16.783333 | K14: 13.233333 | L14: 9.0833333 | M14: 1.1333333 | N14: 14th Street, DC | O14: 11:30AM | P14: Tiffany | Q14: =C14-C13 -> 6 | R14: =MONTH(C14)&"-"&YEAR(C14) -> 6-2019 | T14: =IF(WEEKDAY(C14)=1,"Sunday",IF(WEEKDAY(C14)=2,"Monday",IF(WEEKDAY(C14)=3,"Tuesday",IF(WEEKDAY(C14)=4,"Wednesday",IF(WEEKDAY(C14)=5,"Thursday",IF(WEEKDAY(C14)=6,"Friday","Saturday")))))) -> Saturday | U14: =IF(E14>=12,1,0) -> 0 | V14: =IFERROR(Table2[[#This Row],[Gray Min]]/Table2[[#This Row],[ClassLength]],"") -> 0.26469692 | W14: =IFERROR(Table2[[#This Row],[Blue Min]]/Table2[[#This Row],[ClassLength]],"") -> 0.30673165 | X14: =IFERROR(Table2[[#This Row],[Green Min]]/Table2[[#This Row],[ClassLength]],"") -> 0.24185196 | Y14: =IFERROR(Table2[[#This Row],[Orange Min]]/Table2[[#This Row],[ClassLength]],"") -> 0.1660067 | Z14: =IFERROR(Table2[[#This Row],[Red Min]]/Table2[[#This Row],[ClassLength]],"") -> 0.020712763 | AA14: 10.6 | AB14: =AA14/1 -> 10.6 | AC14: =AVERAGEIF(R:R,R14,F:F) -> 669.6 | AD14: =AVERAGEIF(R:R,R14,E:E) -> 10.2 | AE14: =YEAR(C14) -> 2019 | AF14: 10.6 | AG14: 12 | AH14: =F14/D14 -> 11.367652 | AI14: =RIGHT(O14,2) -> AM | AJ14: =R14&"-"&WEEKNUM(C14,1)-WEEKNUM(DATE(YEAR(C14),MONTH(C14),1),1)+1 -> 6-2019-3 | AK14: =MONTH(C14) -> 6 | AL14: =IFERROR(Table2[[#This Row],[Calories]]/Table2[[#This Row],[Splat]],"") -> 62.2 | AM14: =COUNTIF(N$2:$N$938,N14) -> 48 | AN14: =VLOOKUP(N14,'Helpful Tables'!A:D,4,FALSE) -> Washington, DC | AO14: =COUNTIF(AN:AN,Table2[[#This Row],[State]])/COUNTA(AN:AN) -> 0.54904051 | AP14: =VLOOKUP(N14,'Helpful Tables'!A:B,2,FALSE) -> 38.916487 | AQ14: =VLOOKUP(N14,'Helpful Tables'!A:C,3,FALSE) -> -77.031514 | AR14: =COUNTIF(P$2:$P$938,P14) -> 30 | AS14: {=_xlfn.IFS(E14<6,((E14/D14)*60)*0.5,AND(E14>=6,E14<9),((E14/D14)*60)*0.75,AND(E14>=9,E14<=11),((E14/D14)*60)*0.9,AND(E14=12),((E14/D14)*60)*1,AND(E14>=13,E14<=15),((E14/D14)*60)*1.2,AND(E14>=16,E14<=19),((E14/D14)*60)*1.5,E14>=20,((E14/D14)*60)*1.8)} -> 9.8690222 | AT14: {=_xlfn.IFS(F14<550,((F14/D14)*60)*0.5,AND(F14>=550,F14<575),((F14/D14)*60)*0.75,AND(F14>=575,F14<600),((F14/D14)*60)*0.9,AND(F14=600),((F14/D14)*60)*1,AND(F14>=601,F14<=625),((F14/D14)*60)*1.2,AND(F14>=626,F14<=650),((F14/D14)*60)*1.5,F14>=651,((F14/D14)*60)*1.8)} -> 818.47091 | AU14: =(I14*-1.2)+(J14*-1.1)+(K14*1.2)+(L14*1.3)+(M14*1.5) -> -6.4533333 | AV14: =(AS14*0.4)+(AT14*0.4)+(AU14*0.2) -> 330.04531 | AW14: =PERCENTRANK(AV:AV,AV14)*100 -> 40.2 | AX14: =_xlfn.CONCAT(TEXT(C14,"mmm"),"-",AE14) -> Jun-2019 | AY14: =ROUNDUP(Table2[[#This Row],[Month]]/3,0) -> 2
A15: 14 | B15: =COUNTIF(R:R,R15) -> 10 | C15: 43632 | D15: =SUM(Table2[[#This Row],[Gray Min]:[Red Min]]) -> 53.4 | E15: 13 | F15: 676 | G15: 139 | H15: 172 | I15: 6.0833333 | J15: 12.683333 | K15: 21.45 | L15: 13.166667 | M15: 0.016666667 | N15: 14th Street, DC | O15: 2:00PM | P15: Demi | Q15: =C15-C14 -> 1 | R15: =MONTH(C15)&"-"&YEAR(C15) -> 6-2019 | T15: =IF(WEEKDAY(C15)=1,"Sunday",IF(WEEKDAY(C15)=2,"Monday",IF(WEEKDAY(C15)=3,"Tuesday",IF(WEEKDAY(C15)=4,"Wednesday",IF(WEEKDAY(C15)=5,"Thursday",IF(WEEKDAY(C15)=6,"Friday","Saturday")))))) -> Sunday | U15: =IF(E15>=12,1,0) -> 1 | V15: =IFERROR(Table2[[#This Row],[Gray Min]]/Table2[[#This Row],[ClassLength]],"") -> 0.1139201 | W15: =IFERROR(Table2[[#This Row],[Blue Min]]/Table2[[#This Row],[ClassLength]],"") -> 0.23751561 | X15: =IFERROR(Table2[[#This Row],[Green Min]]/Table2[[#This Row],[ClassLength]],"") -> 0.40168539 | Y15: =IFERROR(Table2[[#This Row],[Orange Min]]/Table2[[#This Row],[ClassLength]],"") -> 0.24656679 | Z15: =IFERROR(Table2[[#This Row],[Red Min]]/Table2[[#This Row],[ClassLength]],"") -> 0.00031210987 | AA15: 10.6 | AB15: =AA15/1 -> 10.6 | AC15: =AVERAGEIF(R:R,R15,F:F) -> 669.6 | AD15: =AVERAGEIF(R:R,R15,E:E) -> 10.2 | AE15: =YEAR(C15) -> 2019 | AF15: 10.6 | AG15: 12 | AH15: =F15/D15 -> 12.659176 | AI15: =RIGHT(O15,2) -> PM | AJ15: =R15&"-"&WEEKNUM(C15,1)-WEEKNUM(DATE(YEAR(C15),MONTH(C15),1),1)+1 -> 6-2019-4 | AK15: =MONTH(C15) -> 6 | AL15: =IFERROR(Table2[[#This Row],[Calories]]/Table2[[#This Row],[Splat]],"") -> 52 | AM15: =COUNTIF(N$2:$N$938,N15) -> 48 | AN15: =VLOOKUP(N15,'Helpful Tables'!A:D,4,FALSE) -> Washington, DC | AO15: =COUNTIF(AN:AN,Table2[[#This Row],[State]])/COUNTA(AN:AN) -> 0.54904051 | AP15: =VLOOKUP(N15,'Helpful Tables'!A:B,2,FALSE) -> 38.916487 | AQ15: =VLOOKUP(N15,'Helpful Tables'!A:C,3,FALSE) -> -77.031514 | AR15: =COUNTIF(P$2:$P$938,P15) -> 12 | AS15: {=_xlfn.IFS(E15<6,((E15/D15)*60)*0.5,AND(E15>=6,E15<9),((E15/D15)*60)*0.75,AND(E15>=9,E15<=11),((E15/D15)*60)*0.9,AND(E15=12),((E15/D15)*60)*1,AND(E15>=13,E15<=15),((E15/D15)*60)*1.2,AND(E15>=16,E15<=19),((E15/D15)*60)*1.5,E15>=20,((E15/D15)*60)*1.8)} -> 17.52809 | AT15: {=_xlfn.IFS(F15<550,((F15/D15)*60)*0.5,AND(F15>=550,F15<575),((F15/D15)*60)*0.75,AND(F15>=575,F15<600),((F15/D15)*60)*0.9,AND(F15=600),((F15/D15)*60)*1,AND(F15>=601,F15<=625),((F15/D15)*60)*1.2,AND(F15>=626,F15<=650),((F15/D15)*60)*1.5,F15>=651,((F15/D15)*60)*1.8)} -> 1367.191 | AU15: =(I15*-1.2)+(J15*-1.1)+(K15*1.2)+(L15*1.3)+(M15*1.5) -> 21.63 | AV15: =(AS15*0.4)+(AT15*0.4)+(AU15*0.2) -> 558.21364 | AW15: =PERCENTRANK(AV:AV,AV15)*100 -> 98.7 | AX15: =_xlfn.CONCAT(TEXT(C15,"mmm"),"-",AE15) -> Jun-2019 | AY15: =ROUNDUP(Table2[[#This Row],[Month]]/3,0) -> 2
A16: 15 | B16: =COUNTIF(R:R,R16) -> 10 | C16: 43634 | D16: =SUM(Table2[[#This Row],[Gray Min]:[Red Min]]) -> 57.65 | E16: 11 | F16: 639 | G16: 128 | H16: 171 | I16: 19.833333 | J16: 10.483333 | K16: 16.15 | L16: 11.183333 | M16: 0 | N16: 14th Street, DC | O16: 5:30PM | P16: Tiffany | Q16: =C16-C15 -> 2 | R16: =MONTH(C16)&"-"&YEAR(C16) -> 6-2019 | T16: =IF(WEEKDAY(C16)=1,"Sunday",IF(WEEKDAY(C16)=2,"Monday",IF(WEEKDAY(C16)=3,"Tuesday",IF(WEEKDAY(C16)=4,"Wednesday",IF(WEEKDAY(C16)=5,"Thursday",IF(WEEKDAY(C16)=6,"Friday","Saturday")))))) -> Tuesday | U16: =IF(E16>=12,1,0) -> 0 | V16: =IFERROR(Table2[[#This Row],[Gray Min]]/Table2[[#This Row],[ClassLength]],"") -> 0.34403007 | W16: =IFERROR(Table2[[#This Row],[Blue Min]]/Table2[[#This Row],[ClassLength]],"") -> 0.18184446 | X16: =IFERROR(Table2[[#This Row],[Green Min]]/Table2[[#This Row],[ClassLength]],"") -> 0.28013877 | Y16: =IFERROR(Table2[[#This Row],[Orange Min]]/Table2[[#This Row],[ClassLength]],"") -> 0.1939867 | Z16: =IFERROR(Table2[[#This Row],[Red Min]]/Table2[[#This Row],[ClassLength]],"") -> 0 | AA16: 232.14 | AB16: =AA16/B16 -> 23.214 | AC16: =AVERAGEIF(R:R,R16,F:F) -> 669.6 | AD16: =AVERAGEIF(R:R,R16,E:E) -> 10.2 | AE16: =YEAR(C16) -> 2019 | AG16: 12 | AH16: =F16/D16 -> 11.084128 | AI16: =RIGHT(O16,2) -> PM | AJ16: =R16&"-"&WEEKNUM(C16,1)-WEEKNUM(DATE(YEAR(C16),MONTH(C16),1),1)+1 -> 6-2019-4 | AK16: =MONTH(C16) -> 6 | AL16: =IFERROR(Table2[[#This Row],[Calories]]/Table2[[#This Row],[Splat]],"") -> 58.090909 | AM16: =COUNTIF(N$2:$N$938,N16) -> 48 | AN16: =VLOOKUP(N16,'Helpful Tables'!A:D,4,FALSE) -> Washington, DC | AO16: =COUNTIF(AN:AN,Table2[[#This Row],[State]])/COUNTA(AN:AN) -> 0.54904051 | AP16: =VLOOKUP(N16,'Helpful Tables'!A:B,2,FALSE) -> 38.916487 | AQ16: =VLOOKUP(N16,'Helpful Tables'!A:C,3,FALSE) -> -77.031514 | AR16: =COUNTIF(P$2:$P$938,P16) -> 30 | AS16: {=_xlfn.IFS(E16<6,((E16/D16)*60)*0.5,AND(E16>=6,E16<9),((E16/D16)*60)*0.75,AND(E16>=9,E16<=11),((E16/D16)*60)*0.9,AND(E16=12),((E16/D16)*60)*1,AND(E16>=13,E16<=15),((E16/D16)*60)*1.2,AND(E16>=16,E16<=19),((E16/D16)*60)*1.5,E16>=20,((E16/D16)*60)*1.8)} -> 10.303556 | AT16: {=_xlfn.IFS(F16<550,((F16/D16)*60)*0.5,AND(F16>=550,F16<575),((F16/D16)*60)*0.75,AND(F16>=575,F16<600),((F16/D16)*60)*0.9,AND(F16=600),((F16/D16)*60)*1,AND(F16>=601,F16<=625),((F16/D16)*60)*1.2,AND(F16>=626,F16<=650),((F16/D16)*60)*1.5,F16>=651,((F16/D16)*60)*1.8)} -> 997.57155 | AU16: =(I16*-1.2)+(J16*-1.1)+(K16*1.2)+(L16*1.3)+(M16*1.5) -> -1.4133333 | AV16: =(AS16*0.4)+(AT16*0.4)+(AU16*0.2) -> 402.86738 | AW16: =PERCENTRANK(AV:AV,AV16)*100 -> 54.5 | AX16: =_xlfn.CONCAT(TEXT(C16,"mmm"),"-",AE16) -> Jun-2019 | AY16: =ROUNDUP(Table2[[#This Row],[Month]]/3,0) -> 2
A17: 16 | B17: =COUNTIF(R:R,R17) -> 10 | C17: 43636 | D17: =SUM(Table2[[#This Row],[Gray Min]:[Red Min]]) -> 57.133333 | E17: 10 | F17: 663 | G17: 131 | H17: 172 | I17: 8.6 | J17: 25.5 | K17: 12.666667 | L17: 10.266667 | M17: 0.1 | N17: Dunn Lorring, VA | O17: 4:30PM | P17: Audrey | Q17: =C17-C16 -> 2 | R17: =MONTH(C17)&"-"&YEAR(C17) -> 6-2019 | T17: =IF(WEEKDAY(C17)=1,"Sunday",IF(WEEKDAY(C17)=2,"Monday",IF(WEEKDAY(C17)=3,"Tuesday",IF(WEEKDAY(C17)=4,"Wednesday",IF(WEEKDAY(C17)=5,"Thursday",IF(WEEKDAY(C17)=6,"Friday","Saturday")))))) -> Thursday | U17: =IF(E17>=12,1,0) -> 0 | V17: =IFERROR(Table2[[#This Row],[Gray Min]]/Table2[[#This Row],[ClassLength]],"") -> 0.15052509 | W17: =IFERROR(Table2[[#This Row],[Blue Min]]/Table2[[#This Row],[ClassLength]],"") -> 0.44632439 | X17: =IFERROR(Table2[[#This Row],[Green Min]]/Table2[[#This Row],[ClassLength]],"") -> 0.22170362 | Y17: =IFERROR(Table2[[#This Row],[Orange Min]]/Table2[[#This Row],[ClassLength]],"") -> 0.17969662 | Z17: =IFERROR(Table2[[#This Row],[Red Min]]/Table2[[#This Row],[ClassLength]],"") -> 0.0017502917 | AA17: 232.14 | AB17: =AA17/B17 -> 23.214 | AC17: =AVERAGEIF(R:R,R17,F:F) -> 669.6 | AD17: =AVERAGEIF(R:R,R17,E:E) -> 10.2 | AE17: =YEAR(C17) -> 2019 | AG17: 12 | AH17: =F17/D17 -> 11.604434 | AI17: =RIGHT(O17,2) -> PM | AJ17: =R17&"-"&WEEKNUM(C17,1)-WEEKNUM(DATE(YEAR(C17),MONTH(C17),1),1)+1 -> 6-2019-4 | AK17: =MONTH(C17) -> 6 | AL17: =IFERROR(Table2[[#This Row],[Calories]]/Table2[[#This Row],[Splat]],"") -> 66.3 | AM17: =COUNTIF(N$2:$N$938,N17) -> 35 | AN17: =VLOOKUP(N17,'Helpful Tables'!A:D,4,FALSE) -> Virginia | AO17: =COUNTIF(AN:AN,Table2[[#This Row],[State]])/COUNTA(AN:AN) -> 0.056503198 | AP17: =VLOOKUP(N17,'Helpful Tables'!A:B,2,FALSE) -> 38.881885 | AQ17: =VLOOKUP(N17,'Helpful Tables'!A:C,3,FALSE) -> -77.229702 | AR17: =COUNTIF(P$2:$P$938,P17) -> 13 | AS17: {=_xlfn.IFS(E17<6,((E17/D17)*60)*0.5,AND(E17>=6,E17<9),((E17/D17)*60)*0.75,AND(E17>=9,E17<=11),((E17/D17)*60)*0.9,AND(E17=12),((E17/D17)*60)*1,AND(E17>=13,E17<=15),((E17/D17)*60)*1.2,AND(E17>=16,E17<=19),((E17/D17)*60)*1.5,E17>=20,((E17/D17)*60)*1.8)} -> 9.4515753 | AT17: {=_xlfn.IFS(F17<550,((F17/D17)*60)*0.5,AND(F17>=550,F17<575),((F17/D17)*60)*0.75,AND(F17>=575,F17<600),((F17/D17)*60)*0.9,AND(F17=600),((F17/D17)*60)*1,AND(F17>=601,F17<=625),((F17/D17)*60)*1.2,AND(F17>=626,F17<=650),((F17/D17)*60)*1.5,F17>=651,((F17/D17)*60)*1.8)} -> 1253.2789 | AU17: =(I17*-1.2)+(J17*-1.1)+(K17*1.2)+(L17*1.3)+(M17*1.5) -> -9.6733333 | AV17: =(AS17*0.4)+(AT17*0.4)+(AU17*0.2) -> 503.15752 | AW17: =PERCENTRANK(AV:AV,AV17)*100 -> 81.2 | AX17: =_xlfn.CONCAT(TEXT(C17,"mmm"),"-",AE17) -> Jun-2019 | AY17: =ROUNDUP(Table2[[#This Row],[Month]]/3,0) -> 2
A18: 17 | B18: =COUNTIF(R:R,R18) -> 10 | C18: 43638 | D18: =SUM(Table2[[#This Row],[Gray Min]:[Red Min]]) -> 61.933333 | E18: 9 | F18: 702 | G18: 130 | H18: 167 | I18: 12.416667 | J18: 22.8 | K18: 18.2 | L18: 8.5166667 | M18: 0 | N18: Foggy Bottom, DC | O18: 8:30AM | P18: Damani | Q18: =C18-C17 -> 2 | R18: =MONTH(C18)&"-"&YEAR(C18) -> 6-2019 | T18: =IF(WEEKDAY(C18)=1,"Sunday",IF(WEEKDAY(C18)=2,"Monday",IF(WEEKDAY(C18)=3,"Tuesday",IF(WEEKDAY(C18)=4,"Wednesday",IF(WEEKDAY(C18)=5,"Thursday",IF(WEEKDAY(C18)=6,"Friday","Saturday")))))) -> Saturday | U18: =IF(E18>=12,1,0) -> 0 | V18: =IFERROR(Table2[[#This Row],[Gray Min]]/Table2[[#This Row],[ClassLength]],"") -> 0.20048439 | W18: =IFERROR(Table2[[#This Row],[Blue Min]]/Table2[[#This Row],[ClassLength]],"") -> 0.36813778 | X18: =IFERROR(Table2[[#This Row],[Green Min]]/Table2[[#This Row],[ClassLength]],"") -> 0.29386437 | Y18: =IFERROR(Table2[[#This Row],[Orange Min]]/Table2[[#This Row],[ClassLength]],"") -> 0.13751346 | Z18: =IFERROR(Table2[[#This Row],[Red Min]]/Table2[[#This Row],[ClassLength]],"") -> 0 | AA18: 232.14 | AB18: =AA18/B18 -> 23.214 | AC18: =AVERAGEIF(R:R,R18,F:F) -> 669.6 | AD18: =AVERAGEIF(R:R,R18,E:E) -> 10.2 | AE18: =YEAR(C18) -> 2019 | AG18: 12 | AH18: =F18/D18 -> 11.334769 | AI18: =RIGHT(O18,2) -> AM | AJ18: =R18&"-"&WEEKNUM(C18,1)-WEEKNUM(DATE(YEAR(C18),MONTH(C18),1),1)+1 -> 6-2019-4 | AK18: =MONTH(C18) -> 6 | AL18: =IFERROR(Table2[[#This Row],[Calories]]/Table2[[#This Row],[Splat]],"") -> 78 | AM18: =COUNTIF(N$2:$N$938,N18) -> 38 | AN18: =VLOOKUP(N18,'Helpful Tables'!A:D,4,FALSE) -> Washington, DC | AO18: =COUNTIF(AN:AN,Table2[[#This Row],[State]])/COUNTA(AN:AN) -> 0.54904051 | AP18: =VLOOKUP(N18,'Helpful Tables'!A:B,2,FALSE) -> 38.90351 | AQ18: =VLOOKUP(N18,'Helpful Tables'!A:C,3,FALSE) -> -77.051809 | AR18: =COUNTIF(P$2:$P$938,P18) -> 20 | AS18: {=_xlfn.IFS(E18<6,((E18/D18)*60)*0.5,AND(E18>=6,E18<9),((E18/D18)*60)*0.75,AND(E18>=9,E18<=11),((E18/D18)*60)*0.9,AND(E18=12),((E18/D18)*60)*1,AND(E18>=13,E18<=15),((E18/D18)*60)*1.2,AND(E18>=16,E18<=19),((E18/D18)*60)*1.5,E18>=20,((E18/D18)*60)*1.8)} -> 7.8471475 | AT18: {=_xlfn.IFS(F18<550,((F18/D18)*60)*0.5,AND(F18>=550,F18<575),((F18/D18)*60)*0.75,AND(F18>=575,F18<600),((F18/D18)*60)*0.9,AND(F18=600),((F18/D18)*60)*1,AND(F18>=601,F18<=625),((F18/D18)*60)*1.2,AND(F18>=626,F18<=650),((F18/D18)*60)*1.5,F18>=651,((F18/D18)*60)*1.8)} -> 1224.155 | AU18: =(I18*-1.2)+(J18*-1.1)+(K18*1.2)+(L18*1.3)+(M18*1.5) -> -7.0683333 | AV18: =(AS18*0.4)+(AT18*0.4)+(AU18*0.2) -> 491.38719 | AW18: =PERCENTRANK(AV:AV,AV18)*100 -> 74.7 | AX18: =_xlfn.CONCAT(TEXT(C18,"mmm"),"-",AE18) -> Jun-2019 | AY18: =ROUNDUP(Table2[[#This Row],[Month]]/3,0) -> 2
A19: 18 | B19: =COUNTIF(R:R,R19) -> 10 | C19: 43641 | D19: =SUM(Table2[[#This Row],[Gray Min]:[Red Min]]) -> 60.55 | E19: 8 | F19: 681 | G19: 129 | H19: 173 | I19: 17.416667 | J19: 16.833333 | K19: 17.516667 | L19: 8.3166667 | M19: 0.46666667 | N19: 14th Street, DC | O19: 5:30PM | P19: Tiffany | Q19: =C19-C18 -> 3 | R19: =MONTH(C19)&"-"&YEAR(C19) -> 6-2019 | S19: Orange 3G | T19: =IF(WEEKDAY(C19)=1,"Sunday",IF(WEEKDAY(C19)=2,"Monday",IF(WEEKDAY(C19)=3,"Tuesday",IF(WEEKDAY(C19)=4,"Wednesday",IF(WEEKDAY(C19)=5,"Thursday",IF(WEEKDAY(C19)=6,"Friday","Saturday")))))) -> Tuesday | U19: =IF(E19>=12,1,0) -> 0 | V19: =IFERROR(Table2[[#This Row],[Gray Min]]/Table2[[#This Row],[ClassLength]],"") -> 0.28764107 | W19: =IFERROR(Table2[[#This Row],[Blue Min]]/Table2[[#This Row],[ClassLength]],"") -> 0.27800716 | X19: =IFERROR(Table2[[#This Row],[Green Min]]/Table2[[#This Row],[ClassLength]],"") -> 0.2892926 | Y19: =IFERROR(Table2[[#This Row],[Orange Min]]/Table2[[#This Row],[ClassLength]],"") -> 0.13735205 | Z19: =IFERROR(Table2[[#This Row],[Red Min]]/Table2[[#This Row],[ClassLength]],"") -> 0.0077071291 | AA19: 232.14 | AB19: =AA19/B19 -> 23.214 | AC19: =AVERAGEIF(R:R,R19,F:F) -> 669.6 | AD19: =AVERAGEIF(R:R,R19,E:E) -> 10.2 | AE19: =YEAR(C19) -> 2019 | AG19: 12 | AH19: =F19/D19 -> 11.246903 | AI19: =RIGHT(O19,2) -> PM | AJ19: =R19&"-"&WEEKNUM(C19,1)-WEEKNUM(DATE(YEAR(C19),MONTH(C19),1),1)+1 -> 6-2019-5 | AK19: =MONTH(C19) -> 6 | AL19: =IFERROR(Table2[[#This Row],[Calories]]/Table2[[#This Row],[Splat]],"") -> 85.125 | AM19: =COUNTIF(N$2:$N$938,N19) -> 48 | AN19: =VLOOKUP(N19,'Helpful Tables'!A:D,4,FALSE) -> Washington, DC | AO19: =COUNTIF(AN:AN,Table2[[#This Row],[State]])/COUNTA(AN:AN) -> 0.54904051 | AP19: =VLOOKUP(N19,'Helpful Tables'!A:B,2,FALSE) -> 38.916487 | AQ19: =VLOOKUP(N19,'Helpful Tables'!A:C,3,FALSE) -> -77.031514 | AR19: =COUNTIF(P$2:$P$938,P19) -> 30 | AS19: {=_xlfn.IFS(E19<6,((E19/D19)*60)*0.5,AND(E19>=6,E19<9),((E19/D19)*60)*0.75,AND(E19>=9,E19<=11),((E19/D19)*60)*0.9,AND(E19=12),((E19/D19)*60)*1,AND(E19>=13,E19<=15),((E19/D19)*60)*1.2,AND(E19>=16,E19<=19),((E19/D19)*60)*1.5,E19>=20,((E19/D19)*60)*1.8)} -> 5.9454996 | AT19: {=_xlfn.IFS(F19<550,((F19/D19)*60)*0.5,AND(F19>=550,F19<575),((F19/D19)*60)*0.75,AND(F19>=575,F19<600),((F19/D19)*60)*0.9,AND(F19=600),((F19/D19)*60)*1,AND(F19>=601,F19<=625),((F19/D19)*60)*1.2,AND(F19>=626,F19<=650),((F19/D19)*60)*1.5,F19>=651,((F19/D19)*60)*1.8)} -> 1214.6656 | AU19: =(I19*-1.2)+(J19*-1.1)+(K19*1.2)+(L19*1.3)+(M19*1.5) -> -6.885 | AV19: =(AS19*0.4)+(AT19*0.4)+(AU19*0.2) -> 486.86743 | AW19: =PERCENTRANK(AV:AV,AV19)*100 -> 72.2 | AX19: =_xlfn.CONCAT(TEXT(C19,"mmm"),"-",AE19) -> Jun-2019 | AY19: =ROUNDUP(Table2[[#This Row],[Month]]/3,0) -> 2
A20: 19 | B20: =COUNTIF(R:R,R20) -> 10 | C20: 43643 | D20: =SUM(Table2[[#This Row],[Gray Min]:[Red Min]]) -> 56 | E20: 10 | F20: 684 | G20: 135 | H20: 170 | I20: 6.3666667 | J20: 19.45 | K20: 20.433333 | L20: 9.75 | M20: 0 | N20: Dunn Lorring, VA | O20: 4:30PM | P20: Audrey | Q20: =C20-C19 -> 2 | R20: =MONTH(C20)&"-"&YEAR(C20) -> 6-2019 | S20: Orange 60 Tornado | T20: =IF(WEEKDAY(C20)=1,"Sunday",IF(WEEKDAY(C20)=2,"Monday",IF(WEEKDAY(C20)=3,"Tuesday",IF(WEEKDAY(C20)=4,"Wednesday",IF(WEEKDAY(C20)=5,"Thursday",IF(WEEKDAY(C20)=6,"Friday","Saturday")))))) -> Thursday | U20: =IF(E20>=12,1,0) -> 0 | V20: =IFERROR(Table2[[#This Row],[Gray Min]]/Table2[[#This Row],[ClassLength]],"") -> 0.11369048 | W20: =IFERROR(Table2[[#This Row],[Blue Min]]/Table2[[#This Row],[ClassLength]],"") -> 0.34732143 | X20: =IFERROR(Table2[[#This Row],[Green Min]]/Table2[[#This Row],[ClassLength]],"") -> 0.36488095 | Y20: =IFERROR(Table2[[#This Row],[Orange Min]]/Table2[[#This Row],[ClassLength]],"") -> 0.17410714 | Z20: =IFERROR(Table2[[#This Row],[Red Min]]/Table2[[#This Row],[ClassLength]],"") -> 0 | AA20: 232.14 | AB20: =AA20/B20 -> 23.214 | AC20: =AVERAGEIF(R:R,R20,F:F) -> 669.6 | AD20: =AVERAGEIF(R:R,R20,E:E) -> 10.2 | AE20: =YEAR(C20) -> 2019 | AG20: 12 | AH20: =F20/D20 -> 12.214286 | AI20: =RIGHT(O20,2) -> PM | AJ20: =R20&"-"&WEEKNUM(C20,1)-WEEKNUM(DATE(YEAR(C20),MONTH(C20),1),1)+1 -> 6-2019-5 | AK20: =MONTH(C20) -> 6 | AL20: =IFERROR(Table2[[#This Row],[Calories]]/Table2[[#This Row],[Splat]],"") -> 68.4 | AM20: =COUNTIF(N$2:$N$938,N20) -> 35 | AN20: =VLOOKUP(N20,'Helpful Tables'!A:D,4,FALSE) -> Virginia | AO20: =COUNTIF(AN:AN,Table2[[#This Row],[State]])/COUNTA(AN:AN) -> 0.056503198 | AP20: =VLOOKUP(N20,'Helpful Tables'!A:B,2,FALSE) -> 38.881885 | AQ20: =VLOOKUP(N20,'Helpful Tables'!A:C,3,FALSE) -> -77.229702 | AR20: =COUNTIF(P$2:$P$938,P20) -> 13 | AS20: {=_xlfn.IFS(E20<6,((E20/D20)*60)*0.5,AND(E20>=6,E20<9),((E20/D20)*60)*0.75,AND(E20>=9,E20<=11),((E20/D20)*60)*0.9,AND(E20=12),((E20/D20)*60)*1,AND(E20>=13,E20<=15),((E20/D20)*60)*1.2,AND(E20>=16,E20<=19),((E20/D20)*60)*1.5,E20>=20,((E20/D20)*60)*1.8)} -> 9.6428571 | AT20: {=_xlfn.IFS(F20<550,((F20/D20)*60)*0.5,AND(F20>=550,F20<575),((F20/D20)*60)*0.75,AND(F20>=575,F20<600),((F20/D20)*60)*0.9,AND(F20=600),((F20/D20)*60)*1,AND(F20>=601,F20<=625),((F20/D20)*60)*1.2,AND(F20>=626,F20<=650),((F20/D20)*60)*1.5,F20>=651,((F20/D20)*60)*1.8)} -> 1319.1429 | AU20: =(I20*-1.2)+(J20*-1.1)+(K20*1.2)+(L20*1.3)+(M20*1.5) -> 8.16 | AV20: =(AS20*0.4)+(AT20*0.4)+(AU20*0.2) -> 533.14629 | AW20: =PERCENTRANK(AV:AV,AV20)*100 -> 94.5 | AX20: =_xlfn.CONCAT(TEXT(C20,"mmm"),"-",AE20) -> Jun-2019 | AY20: =ROUNDUP(Table2[[#This Row],[Month]]/3,0) -> 2
A21: 20 | B21: =COUNTIF(R:R,R21) -> 10 | C21: 43645 | D21: =SUM(Table2[[#This Row],[Gray Min]:[Red Min]]) -> 55.833333 | E21: 9 | F21: 661 | G21: 133 | H21: 170 | I21: 8.3833333 | J21: 19.266667 | K21: 19.533333 | L21: 8.65 | M21: 0 | N21: 14th Street, DC | O21: 9:30AM | P21: Tiffany | Q21: =C21-C20 -> 2 | R21: =MONTH(C21)&"-"&YEAR(C21) -> 6-2019 | T21: =IF(WEEKDAY(C21)=1,"Sunday",IF(WEEKDAY(C21)=2,"Monday",IF(WEEKDAY(C21)=3,"Tuesday",IF(WEEKDAY(C21)=4,"Wednesday",IF(WEEKDAY(C21)=5,"Thursday",IF(WEEKDAY(C21)=6,"Friday","Saturday")))))) -> Saturday | U21: =IF(E21>=12,1,0) -> 0 | V21: =IFERROR(Table2[[#This Row],[Gray Min]]/Table2[[#This Row],[ClassLength]],"") -> 0.15014925 | W21: =IFERROR(Table2[[#This Row],[Blue Min]]/Table2[[#This Row],[ClassLength]],"") -> 0.34507463 | X21: =IFERROR(Table2[[#This Row],[Green Min]]/Table2[[#This Row],[ClassLength]],"") -> 0.34985075 | Y21: =IFERROR(Table2[[#This Row],[Orange Min]]/Table2[[#This Row],[ClassLength]],"") -> 0.15492537 | Z21: =IFERROR(Table2[[#This Row],[Red Min]]/Table2[[#This Row],[ClassLength]],"") -> 0 | AA21: 232.14 | AB21: =AA21/B21 -> 23.214 | AC21: =AVERAGEIF(R:R,R21,F:F) -> 669.6 | AD21: =AVERAGEIF(R:R,R21,E:E) -> 10.2 | AE21: =YEAR(C21) -> 2019 | AG21: 12 | AH21: =F21/D21 -> 11.838806 | AI21: =RIGHT(O21,2) -> AM | AJ21: =R21&"-"&WEEKNUM(C21,1)-WEEKNUM(DATE(YEAR(C21),MONTH(C21),1),1)+1 -> 6-2019-5 | AK21: =MONTH(C21) -> 6 | AL21: =IFERROR(Table2[[#This Row],[Calories]]/Table2[[#This Row],[Splat]],"") -> 73.444444 | AM21: =COUNTIF(N$2:$N$938,N21) -> 48 | AN21: =VLOOKUP(N21,'Helpful Tables'!A:D,4,FALSE) -> Washington, DC | AO21: =COUNTIF(AN:AN,Table2[[#This Row],[State]])/COUNTA(AN:AN) -> 0.54904051 | AP21: =VLOOKUP(N21,'Helpful Tables'!A:B,2,FALSE) -> 38.916487 | AQ21: =VLOOKUP(N21,'Helpful Tables'!A:C,3,FALSE) -> -77.031514 | AR21: =COUNTIF(P$2:$P$938,P21) -> 30 | AS21: {=_xlfn.IFS(E21<6,((E21/D21)*60)*0.5,AND(E21>=6,E21<9),((E21/D21)*60)*0.75,AND(E21>=9,E21<=11),((E21/D21)*60)*0.9,AND(E21=12),((E21/D21)*60)*1,AND(E21>=13,E21<=15),((E21/D21)*60)*1.2,AND(E21>=16,E21<=19),((E21/D21)*60)*1.5,E21>=20,((E21/D21)*60)*1.8)} -> 8.7044776 | AT21: {=_xlfn.IFS(F21<550,((F21/D21)*60)*0.5,AND(F21>=550,F21<575),((F21/D21)*60)*0.75,AND(F21>=575,F21<600),((F21/D21)*60)*0.9,AND(F21=600),((F21/D21)*60)*1,AND(F21>=601,F21<=625),((F21/D21)*60)*1.2,AND(F21>=626,F21<=650),((F21/D21)*60)*1.5,F21>=651,((F21/D21)*60)*1.8)} -> 1278.591 | AU21: =(I21*-1.2)+(J21*-1.1)+(K21*1.2)+(L21*1.3)+(M21*1.5) -> 3.4316667 | AV21: =(AS21*0.4)+(AT21*0.4)+(AU21*0.2) -> 515.60454 | AW21: =PERCENTRANK(AV:AV,AV21)*100 -> 88.5 | AX21: =_xlfn.CONCAT(TEXT(C21,"mmm"),"-",AE21) -> Jun-2019 | AY21: =ROUNDUP(Table2[[#This Row],[Month]]/3,0) -> 2
A22: 21 | B22: =COUNTIF(R:R,R22) -> 11 | C22: 43648 | D22: =SUM(Table2[[#This Row],[Gray Min]:[Red Min]]) -> 56.35 | E22: 17 | F22: 650 | G22: 132 | H22: 171 | I22: 8.1 | J22: 16.766667 | K22: 14.9 | L22: 8.9333333 | M22: 7.65 | N22: 14th Street, DC | O22: 5:30PM | P22: Tiffany | Q22: =C22-C21 -> 3 | R22: =MONTH(C22)&"-"&YEAR(C22) -> 7-2019 | S22: Orange 3G | T22: =IF(WEEKDAY(C22)=1,"Sunday",IF(WEEKDAY(C22)=2,"Monday",IF(WEEKDAY(C22)=3,"Tuesday",IF(WEEKDAY(C22)=4,"Wednesday",IF(WEEKDAY(C22)=5,"Thursday",IF(WEEKDAY(C22)=6,"Friday","Saturday")))))) -> Tuesday | U22: =IF(E22>=12,1,0) -> 1 | V22: =IFERROR(Table2[[#This Row],[Gray Min]]/Table2[[#This Row],[ClassLength]],"") -> 0.14374445 | W22: =IFERROR(Table2[[#This Row],[Blue Min]]/Table2[[#This Row],[ClassLength]],"") -> 0.29754511 | X22: =IFERROR(Table2[[#This Row],[Green Min]]/Table2[[#This Row],[ClassLength]],"") -> 0.26441881 | Y22: =IFERROR(Table2[[#This Row],[Orange Min]]/Table2[[#This Row],[ClassLength]],"") -> 0.15853298 | Z22: =IFERROR(Table2[[#This Row],[Red Min]]/Table2[[#This Row],[ClassLength]],"") -> 0.13575865 | AA22: 232.14 | AB22: =AA22/B22 -> 21.103636 | AC22: =AVERAGEIF(R:R,R22,F:F) -> 649.63636 | AD22: =AVERAGEIF(R:R,R22,E:E) -> 15.636364 | AE22: =YEAR(C22) -> 2019 | AG22: 12 | AH22: =F22/D22 -> 11.535049 | AI22: =RIGHT(O22,2) -> PM | AJ22: =R22&"-"&WEEKNUM(C22,1)-WEEKNUM(DATE(YEAR(C22),MONTH(C22),1),1)+1 -> 7-2019-1 | AK22: =MONTH(C22) -> 7 | AL22: =IFERROR(Table2[[#This Row],[Calories]]/Table2[[#This Row],[Splat]],"") -> 38.235294 | AM22: =COUNTIF(N$2:$N$938,N22) -> 48 | AN22: =VLOOKUP(N22,'Helpful Tables'!A:D,4,FALSE) -> Washington, DC | AO22: =COUNTIF(AN:AN,Table2[[#This Row],[State]])/COUNTA(AN:AN) -> 0.54904051 | AP22: =VLOOKUP(N22,'Helpful Tables'!A:B,2,FALSE) -> 38.916487 | AQ22: =VLOOKUP(N22,'Helpful Tables'!A:C,3,FALSE) -> -77.031514 | AR22: =COUNTIF(P$2:$P$938,P22) -> 30 | AS22: {=_xlfn.IFS(E22<6,((E22/D22)*60)*0.5,AND(E22>=6,E22<9),((E22/D22)*60)*0.75,AND(E22>=9,E22<=11),((E22/D22)*60)*0.9,AND(E22=12),((E22/D22)*60)*1,AND(E22>=13,E22<=15),((E22/D22)*60)*1.2,AND(E22>=16,E22<=19),((E22/D22)*60)*1.5,E22>=20,((E22/D22)*60)*1.8)} -> 27.15173 | AT22: {=_xlfn.IFS(F22<550,((F22/D22)*60)*0.5,AND(F22>=550,F22<575),((F22/D22)*60)*0.75,AND(F22>=575,F22<600),((F22/D22)*60)*0.9,AND(F22=600),((F22/D22)*60)*1,AND(F22>=601,F22<=625),((F22/D22)*60)*1.2,AND(F22>=626,F22<=650),((F22/D22)*60)*1.5,F22>=651,((F22/D22)*60)*1.8)} -> 1038.1544 | AU22: =(I22*-1.2)+(J22*-1.1)+(K22*1.2)+(L22*1.3)+(M22*1.5) -> 12.805 | AV22: =(AS22*0.4)+(AT22*0.4)+(AU22*0.2) -> 428.68345 | AW22: =PERCENTRANK(AV:AV,AV22)*100 -> 64.4 | AX22: =_xlfn.CONCAT(TEXT(C22,"mmm"),"-",AE22) -> Jul-2019 | AY22: =ROUNDUP(Table2[[#This Row],[Month]]/3,0) -> 3
A23: 22 | B23: =COUNTIF(R:R,R23) -> 11 | C23: 43649 | D23: =SUM(Table2[[#This Row],[Gray Min]:[Red Min]]) -> 62.283333 | E23: 12 | F23: 701 | G23: 129 | H23: 165 | I23: 10.65 | J23: 15.216667 | K23: 23.816667 | L23: 11.35 | M23: 1.25 | N23: 14th Street, DC | O23: 5:30PM | P23: Chuck | Q23: =C23-C22 -> 1 | R23: =MONTH(C23)&"-"&YEAR(C23) -> 7-2019 | S23: Orange 3G | T23: =IF(WEEKDAY(C23)=1,"Sunday",IF(WEEKDAY(C23)=2,"Monday",IF(WEEKDAY(C23)=3,"Tuesday",IF(WEEKDAY(C23)=4,"Wednesday",IF(WEEKDAY(C23)=5,"Thursday",IF(WEEKDAY(C23)=6,"Friday","Saturday")))))) -> Wednesday | U23: =IF(E23>=12,1,0) -> 1 | V23: =IFERROR(Table2[[#This Row],[Gray Min]]/Table2[[#This Row],[ClassLength]],"") -> 0.17099277 | W23: =IFERROR(Table2[[#This Row],[Blue Min]]/Table2[[#This Row],[ClassLength]],"") -> 0.24431362 | X23: =IFERROR(Table2[[#This Row],[Green Min]]/Table2[[#This Row],[ClassLength]],"") -> 0.38239229 | Y23: =IFERROR(Table2[[#This Row],[Orange Min]]/Table2[[#This Row],[ClassLength]],"") -> 0.18223174 | Z23: =IFERROR(Table2[[#This Row],[Red Min]]/Table2[[#This Row],[ClassLength]],"") -> 0.020069575 | AA23: 232.14 | AB23: =AA23/B23 -> 21.103636 | AC23: =AVERAGEIF(R:R,R23,F:F) -> 649.63636 | AD23: =AVERAGEIF(R:R,R23,E:E) -> 15.636364 | AE23: =YEAR(C23) -> 2019 | AG23: 12 | AH23: =F23/D23 -> 11.255017 | AI23: =RIGHT(O23,2) -> PM | AJ23: =R23&"-"&WEEKNUM(C23,1)-WEEKNUM(DATE(YEAR(C23),MONTH(C23),1),1)+1 -> 7-2019-1 | AK23: =MONTH(C23) -> 7 | AL23: =IFERROR(Table2[[#This Row],[Calories]]/Table2[[#This Row],[Splat]],"") -> 58.416667 | AM23: =COUNTIF(N$2:$N$938,N23) -> 48 | AN23: =VLOOKUP(N23,'Helpful Tables'!A:D,4,FALSE) -> Washington, DC | AO23: =COUNTIF(AN:AN,Table2[[#This Row],[State]])/COUNTA(AN:AN) -> 0.54904051 | AP23: =VLOOKUP(N23,'Helpful Tables'!A:B,2,FALSE) -> 38.916487 | AQ23: =VLOOKUP(N23,'Helpful Tables'!A:C,3,FALSE) -> -77.031514 | AR23: =COUNTIF(P$2:$P$938,P23) -> 1 | AS23: {=_xlfn.IFS(E23<6,((E23/D23)*60)*0.5,AND(E23>=6,E23<9),((E23/D23)*60)*0.75,AND(E23>=9,E23<=11),((E23/D23)*60)*0.9,AND(E23=12),((E23/D23)*60)*1,AND(E23>=13,E23<=15),((E23/D23)*60)*1.2,AND(E23>=16,E23<=19),((E23/D23)*60)*1.5,E23>=20,((E23/D23)*60)*1.8)} -> 11.560075 | AT23: {=_xlfn.IFS(F23<550,((F23/D23)*60)*0.5,AND(F23>=550,F23<575),((F23/D23)*60)*0.75,AND(F23>=575,F23<600),((F23/D23)*60)*0.9,AND(F23=600),((F23/D23)*60)*1,AND(F23>=601,F23<=625),((F23/D23)*60)*1.2,AND(F23>=626,F23<=650),((F23/D23)*60)*1.5,F23>=651,((F23/D23)*60)*1.8)} -> 1215.5419 | AU23: =(I23*-1.2)+(J23*-1.1)+(K23*1.2)+(L23*1.3)+(M23*1.5) -> 15.691667 | AV23: =(AS23*0.4)+(AT23*0.4)+(AU23*0.2) -> 493.97911 | AW23: =PERCENTRANK(AV:AV,AV23)*100 -> 75.6 | AX23: =_xlfn.CONCAT(TEXT(C23,"mmm"),"-",AE23) -> Jul-2019 | AY23: =ROUNDUP(Table2[[#This Row],[Month]]/3,0) -> 3
A24: 23 | B24: =COUNTIF(R:R,R24) -> 11 | C24: 43654 | D24: =SUM(Table2[[#This Row],[Gray Min]:[Red Min]]) -> 59.583333 | E24: 20 | F24: 639 | G24: 126 | H24: 171 | I24: 20.15 | J24: 11.666667 | K24: 8.0166667 | L24: 13.566667 | M24: 6.1833333 | N24: Foggy Bottom, DC | O24: 4:30PM | P24: Damani | Q24: =C24-C23 -> 5 | R24: =MONTH(C24)&"-"&YEAR(C24) -> 7-2019 | S24: Orange 60 | T24: =IF(WEEKDAY(C24)=1,"Sunday",IF(WEEKDAY(C24)=2,"Monday",IF(WEEKDAY(C24)=3,"Tuesday",IF(WEEKDAY(C24)=4,"Wednesday",IF(WEEKDAY(C24)=5,"Thursday",IF(WEEKDAY(C24)=6,"Friday","Saturday")))))) -> Monday | U24: =IF(E24>=12,1,0) -> 1 | V24: =IFERROR(Table2[[#This Row],[Gray Min]]/Table2[[#This Row],[ClassLength]],"") -> 0.33818182 | W24: =IFERROR(Table2[[#This Row],[Blue Min]]/Table2[[#This Row],[ClassLength]],"") -> 0.1958042 | X24: =IFERROR(Table2[[#This Row],[Green Min]]/Table2[[#This Row],[ClassLength]],"") -> 0.13454545 | Y24: =IFERROR(Table2[[#This Row],[Orange Min]]/Table2[[#This Row],[ClassLength]],"") -> 0.22769231 | Z24: =IFERROR(Table2[[#This Row],[Red Min]]/Table2[[#This Row],[ClassLength]],"") -> 0.10377622 | AA24: 232.14 | AB24: =AA24/B24 -> 21.103636 | AC24: =AVERAGEIF(R:R,R24,F:F) -> 649.63636 | AD24: =AVERAGEIF(R:R,R24,E:E) -> 15.636364 | AE24: =YEAR(C24) -> 2019 | AG24: 12 | AH24: =F24/D24 -> 10.724476 | AI24: =RIGHT(O24,2) -> PM | AJ24: =R24&"-"&WEEKNUM(C24,1)-WEEKNUM(DATE(YEAR(C24),MONTH(C24),1),1)+1 -> 7-2019-2 | AK24: =MONTH(C24) -> 7 | AL24: =IFERROR(Table2[[#This Row],[Calories]]/Table2[[#This Row],[Splat]],"") -> 31.95 | AM24: =COUNTIF(N$2:$N$938,N24) -> 38 | AN24: =VLOOKUP(N24,'Helpful Tables'!A:D,4,FALSE) -> Washington, DC | AO24: =COUNTIF(AN:AN,Table2[[#This Row],[State]])/COUNTA(AN:AN) -> 0.54904051 | AP24: =VLOOKUP(N24,'Helpful Tables'!A:B,2,FALSE) -> 38.90351 | AQ24: =VLOOKUP(N24,'Helpful Tables'!A:C,3,FALSE) -> -77.051809 | AR24: =COUNTIF(P$2:$P$938,P24) -> 20 | AS24: {=_xlfn.IFS(E24<6,((E24/D24)*60)*0.5,AND(E24>=6,E24<9),((E24/D24)*60)*0.75,AND(E24>=9,E24<=11),((E24/D24)*60)*0.9,AND(E24=12),((E24/D24)*60)*1,AND(E24>=13,E24<=15),((E24/D24)*60)*1.2,AND(E24>=16,E24<=19),((E24/D24)*60)*1.5,E24>=20,((E24/D24)*60)*1.8)} -> 36.251748 | AT24: {=_xlfn.IFS(F24<550,((F24/D24)*60)*0.5,AND(F24>=550,F24<575),((F24/D24)*60)*0.75,AND(F24>=575,F24<600),((F24/D24)*60)*0.9,AND(F24=600),((F24/D24)*60)*1,AND(F24>=601,F24<=625),((F24/D24)*60)*1.2,AND(F24>=626,F24<=650),((F24/D24)*60)*1.5,F24>=651,((F24/D24)*60)*1.8)} -> 965.2028 | AU24: =(I24*-1.2)+(J24*-1.1)+(K24*1.2)+(L24*1.3)+(M24*1.5) -> -0.48166667 | AV24: =(AS24*0.4)+(AT24*0.4)+(AU24*0.2) -> 400.48548 | AW24: =PERCENTRANK(AV:AV,AV24)*100 -> 53.3 | AX24: =_xlfn.CONCAT(TEXT(C24,"mmm"),"-",AE24) -> Jul-2019 | AY24: =ROUNDUP(Table2[[#This Row],[Month]]/3,0) -> 3
A25: 24 | B25: =COUNTIF(R:R,R25) -> 11 | C25: 43655 | D25: =SUM(Table2[[#This Row],[Gray Min]:[Red Min]]) -> 59.533333 | E25: 20 | F25: 710 | G25: 134 | H25: 176 | I25: 4.4333333 | J25: 18.45 | K25: 16.5 | L25: 17.483333 | M25: 2.6666667 | N25: 14th Street, DC | O25: 5:30PM | P25: Tiffany | Q25: =C25-C24 -> 1 | R25: =MONTH(C25)&"-"&YEAR(C25) -> 7-2019 | S25: Orange 3G | T25: =IF(WEEKDAY(C25)=1,"Sunday",IF(WEEKDAY(C25)=2,"Monday",IF(WEEKDAY(C25)=3,"Tuesday",IF(WEEKDAY(C25)=4,"Wednesday",IF(WEEKDAY(C25)=5,"Thursday",IF(WEEKDAY(C25)=6,"Friday","Saturday")))))) -> Tuesday | U25: =IF(E25>=12,1,0) -> 1 | V25: =IFERROR(Table2[[#This Row],[Gray Min]]/Table2[[#This Row],[ClassLength]],"") -> 0.074468085 | W25: =IFERROR(Table2[[#This Row],[Blue Min]]/Table2[[#This Row],[ClassLength]],"") -> 0.30991041 | X25: =IFERROR(Table2[[#This Row],[Green Min]]/Table2[[#This Row],[ClassLength]],"") -> 0.27715566 | Y25: =IFERROR(Table2[[#This Row],[Orange Min]]/Table2[[#This Row],[ClassLength]],"") -> 0.29367301 | Z25: =IFERROR(Table2[[#This Row],[Red Min]]/Table2[[#This Row],[ClassLength]],"") -> 0.044792833 | AA25: 232.14 | AB25: =AA25/B25 -> 21.103636 | AC25: =AVERAGEIF(R:R,R25,F:F) -> 649.63636 | AD25: =AVERAGEIF(R:R,R25,E:E) -> 15.636364 | AE25: =YEAR(C25) -> 2019 | AG25: 12 | AH25: =F25/D25 -> 11.926092 | AI25: =RIGHT(O25,2) -> PM | AJ25: =R25&"-"&WEEKNUM(C25,1)-WEEKNUM(DATE(YEAR(C25),MONTH(C25),1),1)+1 -> 7-2019-2 | AK25: =MONTH(C25) -> 7 | AL25: =IFERROR(Table2[[#This Row],[Calories]]/Table2[[#This Row],[Splat]],"") -> 35.5 | AM25: =COUNTIF(N$2:$N$938,N25) -> 48 | AN25: =VLOOKUP(N25,'Helpful Tables'!A:D,4,FALSE) -> Washington, DC | AO25: =COUNTIF(AN:AN,Table2[[#This Row],[State]])/COUNTA(AN:AN) -> 0.54904051 | AP25: =VLOOKUP(N25,'Helpful Tables'!A:B,2,FALSE) -> 38.916487 | AQ25: =VLOOKUP(N25,'Helpful Tables'!A:C,3,FALSE) -> -77.031514 | AR25: =COUNTIF(P$2:$P$938,P25) -> 30 | AS25: {=_xlfn.IFS(E25<6,((E25/D25)*60)*0.5,AND(E25>=6,E25<9),((E25/D25)*60)*0.75,AND(E25>=9,E25<=11),((E25/D25)*60)*0.9,AND(E25=12),((E25/D25)*60)*1,AND(E25>=13,E25<=15),((E25/D25)*60)*1.2,AND(E25>=16,E25<=19),((E25/D25)*60)*1.5,E25>=20,((E25/D25)*60)*1.8)} -> 36.282195 | AT25: {=_xlfn.IFS(F25<550,((F25/D25)*60)*0.5,AND(F25>=550,F25<575),((F25/D25)*60)*0.75,AND(F25>=575,F25<600),((F25/D25)*60)*0.9,AND(F25=600),((F25/D25)*60)*1,AND(F25>=601,F25<=625),((F25/D25)*60)*1.2,AND(F25>=626,F25<=650),((F25/D25)*60)*1.5,F25>=651,((F25/D25)*60)*1.8)} -> 1288.0179 | AU25: =(I25*-1.2)+(J25*-1.1)+(K25*1.2)+(L25*1.3)+(M25*1.5) -> 20.913333 | AV25: =(AS25*0.4)+(AT25*0.4)+(AU25*0.2) -> 533.90271 | AW25: =PERCENTRANK(AV:AV,AV25)*100 -> 94.9 | AX25: =_xlfn.CONCAT(TEXT(C25,"mmm"),"-",AE25) -> Jul-2019 | AY25: =ROUNDUP(Table2[[#This Row],[Month]]/3,0) -> 3
A26: 25 | B26: =COUNTIF(R:R,R26) -> 11 | C26: 43663 | D26: =SUM(Table2[[#This Row],[Gray Min]:[Red Min]]) -> 56.133333 | E26: 16 | F26: 624 | G26: 128 | H26: 174 | I26: 10.883333 | J26: 16.516667 | K26: 12.45 | L26: 12.483333 | M26: 3.8 | N26: Foggy Bottom, DC | O26: 4:30PM | P26: Demi | Q26: =C26-C25 -> 8 | R26: =MONTH(C26)&"-"&YEAR(C26) -> 7-2019 | S26: Orange 60 | T26: =IF(WEEKDAY(C26)=1,"Sunday",IF(WEEKDAY(C26)=2,"Monday",IF(WEEKDAY(C26)=3,"Tuesday",IF(WEEKDAY(C26)=4,"Wednesday",IF(WEEKDAY(C26)=5,"Thursday",IF(WEEKDAY(C26)=6,"Friday","Saturday")))))) -> Wednesday | U26: =IF(E26>=12,1,0) -> 1 | V26: =IFERROR(Table2[[#This Row],[Gray Min]]/Table2[[#This Row],[ClassLength]],"") -> 0.19388361 | W26: =IFERROR(Table2[[#This Row],[Blue Min]]/Table2[[#This Row],[ClassLength]],"") -> 0.2942399 | X26: =IFERROR(Table2[[#This Row],[Green Min]]/Table2[[#This Row],[ClassLength]],"") -> 0.22179335 | Y26: =IFERROR(Table2[[#This Row],[Orange Min]]/Table2[[#This Row],[ClassLength]],"") -> 0.22238717 | Z26: =IFERROR(Table2[[#This Row],[Red Min]]/Table2[[#This Row],[ClassLength]],"") -> 0.067695962 | AA26: 232.14 | AB26: =AA26/B26 -> 21.103636 | AC26: =AVERAGEIF(R:R,R26,F:F) -> 649.63636 | AD26: =AVERAGEIF(R:R,R26,E:E) -> 15.636364 | AE26: =YEAR(C26) -> 2019 | AG26: 12 | AH26: =F26/D26 -> 11.11639 | AI26: =RIGHT(O26,2) -> PM | AJ26: =R26&"-"&WEEKNUM(C26,1)-WEEKNUM(DATE(YEAR(C26),MONTH(C26),1),1)+1 -> 7-2019-3 | AK26: =MONTH(C26) -> 7 | AL26: =IFERROR(Table2[[#This Row],[Calories]]/Table2[[#This Row],[Splat]],"") -> 39 | AM26: =COUNTIF(N$2:$N$938,N26) -> 38 | AN26: =VLOOKUP(N26,'Helpful Tables'!A:D,4,FALSE) -> Washington, DC | AO26: =COUNTIF(AN:AN,Table2[[#This Row],[State]])/COUNTA(AN:AN) -> 0.54904051 | AP26: =VLOOKUP(N26,'Helpful Tables'!A:B,2,FALSE) -> 38.90351 | AQ26: =VLOOKUP(N26,'Helpful Tables'!A:C,3,FALSE) -> -77.051809 | AR26: =COUNTIF(P$2:$P$938,P26) -> 12 | AS26: {=_xlfn.IFS(E26<6,((E26/D26)*60)*0.5,AND(E26>=6,E26<9),((E26/D26)*60)*0.75,AND(E26>=9,E26<=11),((E26/D26)*60)*0.9,AND(E26=12),((E26/D26)*60)*1,AND(E26>=13,E26<=15),((E26/D26)*60)*1.2,AND(E26>=16,E26<=19),((E26/D26)*60)*1.5,E26>=20,((E26/D26)*60)*1.8)} -> 25.653207 | AT26: {=_xlfn.IFS(F26<550,((F26/D26)*60)*0.5,AND(F26>=550,F26<575),((F26/D26)*60)*0.75,AND(F26>=575,F26<600),((F26/D26)*60)*0.9,AND(F26=600),((F26/D26)*60)*1,AND(F26>=601,F26<=625),((F26/D26)*60)*1.2,AND(F26>=626,F26<=650),((F26/D26)*60)*1.5,F26>=651,((F26/D26)*60)*1.8)} -> 800.38005 | AU26: =(I26*-1.2)+(J26*-1.1)+(K26*1.2)+(L26*1.3)+(M26*1.5) -> 5.64 | AV26: =(AS26*0.4)+(AT26*0.4)+(AU26*0.2) -> 331.5413 | AW26: =PERCENTRANK(AV:AV,AV26)*100 -> 40.8 | AX26: =_xlfn.CONCAT(TEXT(C26,"mmm"),"-",AE26) -> Jul-2019 | AY26: =ROUNDUP(Table2[[#This Row],[Month]]/3,0) -> 3
A27: 26 | B27: =COUNTIF(R:R,R27) -> 11 | C27: 43664 | D27: =SUM(Table2[[#This Row],[Gray Min]:[Red Min]]) -> 58.083333 | E27: 17 | F27: 609 | G27: 124 | H27: 167 | I27: 19.066667 | J27: 11.583333 | K27: 11.25 | L27: 13.6 | M27: 2.5833333 | N27: Dunn Lorring, VA | O27: 4:30PM | P27: Audrey | Q27: =C27-C26 -> 1 | R27: =MONTH(C27)&"-"&YEAR(C27) -> 7-2019 | S27: Orange 60 | T27: =IF(WEEKDAY(C27)=1,"Sunday",IF(WEEKDAY(C27)=2,"Monday",IF(WEEKDAY(C27)=3,"Tuesday",IF(WEEKDAY(C27)=4,"Wednesday",IF(WEEKDAY(C27)=5,"Thursday",IF(WEEKDAY(C27)=6,"Friday","Saturday")))))) -> Thursday | U27: =IF(E27>=12,1,0) -> 1 | V27: =IFERROR(Table2[[#This Row],[Gray Min]]/Table2[[#This Row],[ClassLength]],"") -> 0.32826399 | W27: =IFERROR(Table2[[#This Row],[Blue Min]]/Table2[[#This Row],[ClassLength]],"") -> 0.19942611 | X27: =IFERROR(Table2[[#This Row],[Green Min]]/Table2[[#This Row],[ClassLength]],"") -> 0.19368723 | Y27: =IFERROR(Table2[[#This Row],[Orange Min]]/Table2[[#This Row],[ClassLength]],"") -> 0.23414634 | Z27: =IFERROR(Table2[[#This Row],[Red Min]]/Table2[[#This Row],[ClassLength]],"") -> 0.044476327 | AA27: 232.14 | AB27: =AA27/B27 -> 21.103636 | AC27: =AVERAGEIF(R:R,R27,F:F) -> 649.63636 | AD27: =AVERAGEIF(R:R,R27,E:E) -> 15.636364 | AE27: =YEAR(C27) -> 2019 | AG27: 12 | AH27: =F27/D27 -> 10.484935 | AI27: =RIGHT(O27,2) -> PM | AJ27: =R27&"-"&WEEKNUM(C27,1)-WEEKNUM(DATE(YEAR(C27),MONTH(C27),1),1)+1 -> 7-2019-3 | AK27: =MONTH(C27) -> 7 | AL27: =IFERROR(Table2[[#This Row],[Calories]]/Table2[[#This Row],[Splat]],"") -> 35.823529 | AM27: =COUNTIF(N$2:$N$938,N27) -> 35 | AN27: =VLOOKUP(N27,'Helpful Tables'!A:D,4,FALSE) -> Virginia | AO27: =COUNTIF(AN:AN,Table2[[#This Row],[State]])/COUNTA(AN:AN) -> 0.056503198 | AP27: =VLOOKUP(N27,'Helpful Tables'!A:B,2,FALSE) -> 38.881885 | AQ27: =VLOOKUP(N27,'Helpful Tables'!A:C,3,FALSE) -> -77.229702 | AR27: =COUNTIF(P$2:$P$938,P27) -> 13 | AS27: {=_xlfn.IFS(E27<6,((E27/D27)*60)*0.5,AND(E27>=6,E27<9),((E27/D27)*60)*0.75,AND(E27>=9,E27<=11),((E27/D27)*60)*0.9,AND(E27=12),((E27/D27)*60)*1,AND(E27>=13,E27<=15),((E27/D27)*60)*1.2,AND(E27>=16,E27<=19),((E27/D27)*60)*1.5,E27>=20,((E27/D27)*60)*1.8)} -> 26.341463 | AT27: {=_xlfn.IFS(F27<550,((F27/D27)*60)*0.5,AND(F27>=550,F27<575),((F27/D27)*60)*0.75,AND(F27>=575,F27<600),((F27/D27)*60)*0.9,AND(F27=600),((F27/D27)*60)*1,AND(F27>=601,F27<=625),((F27/D27)*60)*1.2,AND(F27>=626,F27<=650),((F27/D27)*60)*1.5,F27>=651,((F27/D27)*60)*1.8)} -> 754.91535 | AU27: =(I27*-1.2)+(J27*-1.1)+(K27*1.2)+(L27*1.3)+(M27*1.5) -> -0.56666667 | AV27: =(AS27*0.4)+(AT27*0.4)+(AU27*0.2) -> 312.38939 | AW27: =PERCENTRANK(AV:AV,AV27)*100 -> 32.4 | AX27: =_xlfn.CONCAT(TEXT(C27,"mmm"),"-",AE27) -> Jul-2019 | AY27: =ROUNDUP(Table2[[#This Row],[Month]]/3,0) -> 3
A28: 27 | B28: =COUNTIF(R:R,R28) -> 11 | C28: 43666 | D28: =SUM(Table2[[#This Row],[Gray Min]:[Red Min]]) -> 55.866667 | E28: 14 | F28: 651 | G28: 132 | H28: 173 | I28: 6.0166667 | J28: 14.2 | K28: 21.983333 | L28: 8 | M28: 5.6666667 | N28: 14th Street, DC | O28: 9:30AM | P28: Tiffany | Q28: =C28-C27 -> 2 | R28: =MONTH(C28)&"-"&YEAR(C28) -> 7-2019 | S28: Orange 3G | T28: =IF(WEEKDAY(C28)=1,"Sunday",IF(WEEKDAY(C28)=2,"Monday",IF(WEEKDAY(C28)=3,"Tuesday",IF(WEEKDAY(C28)=4,"Wednesday",IF(WEEKDAY(C28)=5,"Thursday",IF(WEEKDAY(C28)=6,"Friday","Saturday")))))) -> Saturday | U28: =IF(E28>=12,1,0) -> 1 | V28: =IFERROR(Table2[[#This Row],[Gray Min]]/Table2[[#This Row],[ClassLength]],"") -> 0.1076969 | W28: =IFERROR(Table2[[#This Row],[Blue Min]]/Table2[[#This Row],[ClassLength]],"") -> 0.25417661 | X28: =IFERROR(Table2[[#This Row],[Green Min]]/Table2[[#This Row],[ClassLength]],"") -> 0.39349642 | Y28: =IFERROR(Table2[[#This Row],[Orange Min]]/Table2[[#This Row],[ClassLength]],"") -> 0.14319809 | Z28: =IFERROR(Table2[[#This Row],[Red Min]]/Table2[[#This Row],[ClassLength]],"") -> 0.10143198 | AA28: 232.14 | AB28: =AA28/B28 -> 21.103636 | AC28: =AVERAGEIF(R:R,R28,F:F) -> 649.63636 | AD28: =AVERAGEIF(R:R,R28,E:E) -> 15.636364 | AE28: =YEAR(C28) -> 2019 | AG28: 12 | AH28: =F28/D28 -> 11.652745 | AI28: =RIGHT(O28,2) -> AM | AJ28: =R28&"-"&WEEKNUM(C28,1)-WEEKNUM(DATE(YEAR(C28),MONTH(C28),1),1)+1 -> 7-2019-3 | AK28: =MONTH(C28) -> 7 | AL28: =IFERROR(Table2[[#This Row],[Calories]]/Table2[[#This Row],[Splat]],"") -> 46.5 | AM28: =COUNTIF(N$2:$N$938,N28) -> 48 | AN28: =VLOOKUP(N28,'Helpful Tables'!A:D,4,FALSE) -> Washington, DC | AO28: =COUNTIF(AN:AN,Table2[[#This Row],[State]])/COUNTA(AN:AN) -> 0.54904051 | AP28: =VLOOKUP(N28,'Helpful Tables'!A:B,2,FALSE) -> 38.916487 | AQ28: =VLOOKUP(N28,'Helpful Tables'!A:C,3,FALSE) -> -77.031514 | AR28: =COUNTIF(P$2:$P$938,P28) -> 30 | AS28: {=_xlfn.IFS(E28<6,((E28/D28)*60)*0.5,AND(E28>=6,E28<9),((E28/D28)*60)*0.75,AND(E28>=9,E28<=11),((E28/D28)*60)*0.9,AND(E28=12),((E28/D28)*60)*1,AND(E28>=13,E28<=15),((E28/D28)*60)*1.2,AND(E28>=16,E28<=19),((E28/D28)*60)*1.5,E28>=20,((E28/D28)*60)*1.8)} -> 18.042959 | AT28: {=_xlfn.IFS(F28<550,((F28/D28)*60)*0.5,AND(F28>=550,F28<575),((F28/D28)*60)*0.75,AND(F28>=575,F28<600),((F28/D28)*60)*0.9,AND(F28=600),((F28/D28)*60)*1,AND(F28>=601,F28<=625),((F28/D28)*60)*1.2,AND(F28>=626,F28<=650),((F28/D28)*60)*1.5,F28>=651,((F28/D28)*60)*1.8)} -> 1258.4964 | AU28: =(I28*-1.2)+(J28*-1.1)+(K28*1.2)+(L28*1.3)+(M28*1.5) -> 22.44 | AV28: =(AS28*0.4)+(AT28*0.4)+(AU28*0.2) -> 515.10375 | AW28: =PERCENTRANK(AV:AV,AV28)*100 -> 87.9 | AX28: =_xlfn.CONCAT(TEXT(C28,"mmm"),"-",AE28) -> Jul-2019 | AY28: =ROUNDUP(Table2[[#This Row],[Month]]/3,0) -> 3
A29: 28 | B29: =COUNTIF(R:R,R29) -> 11 | C29: 43669 | D29: =SUM(Table2[[#This Row],[Gray Min]:[Red Min]]) -> 60.25 | E29: 13 | F29: 592 | G29: 120 | H29: 175 | I29: 21.45 | J29: 18.3 | K29: 7.75 | L29: 7.9666667 | M29: 4.7833333 | N29: 14th Street, DC | O29: 5:30PM | P29: Tiffany | Q29: =C29-C28 -> 3 | R29: =MONTH(C29)&"-"&YEAR(C29) -> 7-2019 | S29: Orange 3G | T29: =IF(WEEKDAY(C29)=1,"Sunday",IF(WEEKDAY(C29)=2,"Monday",IF(WEEKDAY(C29)=3,"Tuesday",IF(WEEKDAY(C29)=4,"Wednesday",IF(WEEKDAY(C29)=5,"Thursday",IF(WEEKDAY(C29)=6,"Friday","Saturday")))))) -> Tuesday | U29: =IF(E29>=12,1,0) -> 1 | V29: =IFERROR(Table2[[#This Row],[Gray Min]]/Table2[[#This Row],[ClassLength]],"") -> 0.3560166 | W29: =IFERROR(Table2[[#This Row],[Blue Min]]/Table2[[#This Row],[ClassLength]],"") -> 0.30373444 | X29: =IFERROR(Table2[[#This Row],[Green Min]]/Table2[[#This Row],[ClassLength]],"") -> 0.12863071 | Y29: =IFERROR(Table2[[#This Row],[Orange Min]]/Table2[[#This Row],[ClassLength]],"") -> 0.13222683 | Z29: =IFERROR(Table2[[#This Row],[Red Min]]/Table2[[#This Row],[ClassLength]],"") -> 0.079391425 | AA29: 232.14 | AB29: =AA29/B29 -> 21.103636 | AC29: =AVERAGEIF(R:R,R29,F:F) -> 649.63636 | AD29: =AVERAGEIF(R:R,R29,E:E) -> 15.636364 | AE29: =YEAR(C29) -> 2019 | AG29: 12 | AH29: =F29/D29 -> 9.8257261 | AI29: =RIGHT(O29,2) -> PM | AJ29: =R29&"-"&WEEKNUM(C29,1)-WEEKNUM(DATE(YEAR(C29),MONTH(C29),1),1)+1 -> 7-2019-4 | AK29: =MONTH(C29) -> 7 | AL29: =IFERROR(Table2[[#This Row],[Calories]]/Table2[[#This Row],[Splat]],"") -> 45.538462 | AM29: =COUNTIF(N$2:$N$938,N29) -> 48 | AN29: =VLOOKUP(N29,'Helpful Tables'!A:D,4,FALSE) -> Washington, DC | AO29: =COUNTIF(AN:AN,Table2[[#This Row],[State]])/COUNTA(AN:AN) -> 0.54904051 | AP29: =VLOOKUP(N29,'Helpful Tables'!A:B,2,FALSE) -> 38.916487 | AQ29: =VLOOKUP(N29,'Helpful Tables'!A:C,3,FALSE) -> -77.031514 | AR29: =COUNTIF(P$2:$P$938,P29) -> 30 | AS29: {=_xlfn.IFS(E29<6,((E29/D29)*60)*0.5,AND(E29>=6,E29<9),((E29/D29)*60)*0.75,AND(E29>=9,E29<=11),((E29/D29)*60)*0.9,AND(E29=12),((E29/D29)*60)*1,AND(E29>=13,E29<=15),((E29/D29)*60)*1.2,AND(E29>=16,E29<=19),((E29/D29)*60)*1.5,E29>=20,((E29/D29)*60)*1.8)} -> 15.53527 | AT29: {=_xlfn.IFS(F29<550,((F29/D29)*60)*0.5,AND(F29>=550,F29<575),((F29/D29)*60)*0.75,AND(F29>=575,F29<600),((F29/D29)*60)*0.9,AND(F29=600),((F29/D29)*60)*1,AND(F29>=601,F29<=625),((F29/D29)*60)*1.2,AND(F29>=626,F29<=650),((F29/D29)*60)*1.5,F29>=651,((F29/D29)*60)*1.8)} -> 530.58921 | AU29: =(I29*-1.2)+(J29*-1.1)+(K29*1.2)+(L29*1.3)+(M29*1.5) -> -19.038333 | AV29: =(AS29*0.4)+(AT29*0.4)+(AU29*0.2) -> 214.64213 | AW29: =PERCENTRANK(AV:AV,AV29)*100 -> 15.1 | AX29: =_xlfn.CONCAT(TEXT(C29,"mmm"),"-",AE29) -> Jul-2019 | AY29: =ROUNDUP(Table2[[#This Row],[Month]]/3,0) -> 3
A30: 29 | B30: =COUNTIF(R:R,R30) -> 11 | C30: 43671 | D30: =SUM(Table2[[#This Row],[Gray Min]:[Red Min]]) -> 57.55 | E30: 13 | F30: 666 | G30: 131 | H30: 169 | I30: 5.1333333 | J30: 14.916667 | K30: 24.566667 | L30: 11.016667 | M30: 1.9166667 | N30: Dunn Lorring, VA | O30: 4:30PM | P30: Audrey | Q30: =C30-C29 -> 2 | R30: =MONTH(C30)&"-"&YEAR(C30) -> 7-2019 | S30: Orange 60 Tornado | T30: =IF(WEEKDAY(C30)=1,"Sunday",IF(WEEKDAY(C30)=2,"Monday",IF(WEEKDAY(C30)=3,"Tuesday",IF(WEEKDAY(C30)=4,"Wednesday",IF(WEEKDAY(C30)=5,"Thursday",IF(WEEKDAY(C30)=6,"Friday","Saturday")))))) -> Thursday | U30: =IF(E30>=12,1,0) -> 1 | V30: =IFERROR(Table2[[#This Row],[Gray Min]]/Table2[[#This Row],[ClassLength]],"") -> 0.089197799 | W30: =IFERROR(Table2[[#This Row],[Blue Min]]/Table2[[#This Row],[ClassLength]],"") -> 0.2591949 | X30: =IFERROR(Table2[[#This Row],[Green Min]]/Table2[[#This Row],[ClassLength]],"") -> 0.42687518 | Y30: =IFERROR(Table2[[#This Row],[Orange Min]]/Table2[[#This Row],[ClassLength]],"") -> 0.19142774 | Z30: =IFERROR(Table2[[#This Row],[Red Min]]/Table2[[#This Row],[ClassLength]],"") -> 0.033304373 | AA30: 232.14 | AB30: =AA30/B30 -> 21.103636 | AC30: =AVERAGEIF(R:R,R30,F:F) -> 649.63636 | AD30: =AVERAGEIF(R:R,R30,E:E) -> 15.636364 | AE30: =YEAR(C30) -> 2019 | AG30: 12 | AH30: =F30/D30 -> 11.572546 | AI30: =RIGHT(O30,2) -> PM | AJ30: =R30&"-"&WEEKNUM(C30,1)-WEEKNUM(DATE(YEAR(C30),MONTH(C30),1),1)+1 -> 7-2019-4 | AK30: =MONTH(C30) -> 7 | AL30: =IFERROR(Table2[[#This Row],[Calories]]/Table2[[#This Row],[Splat]],"") -> 51.230769 | AM30: =COUNTIF(N$2:$N$938,N30) -> 35 | AN30: =VLOOKUP(N30,'Helpful Tables'!A:D,4,FALSE) -> Virginia | AO30: =COUNTIF(AN:AN,Table2[[#This Row],[State]])/COUNTA(AN:AN) -> 0.056503198 | AP30: =VLOOKUP(N30,'Helpful Tables'!A:B,2,FALSE) -> 38.881885 | AQ30: =VLOOKUP(N30,'Helpful Tables'!A:C,3,FALSE) -> -77.229702 | AR30: =COUNTIF(P$2:$P$938,P30) -> 13 | AS30: {=_xlfn.IFS(E30<6,((E30/D30)*60)*0.5,AND(E30>=6,E30<9),((E30/D30)*60)*0.75,AND(E30>=9,E30<=11),((E30/D30)*60)*0.9,AND(E30=12),((E30/D30)*60)*1,AND(E30>=13,E30<=15),((E30/D30)*60)*1.2,AND(E30>=16,E30<=19),((E30/D30)*60)*1.5,E30>=20,((E30/D30)*60)*1.8)} -> 16.264118 | AT30: {=_xlfn.IFS(F30<550,((F30/D30)*60)*0.5,AND(F30>=550,F30<575),((F30/D30)*60)*0.75,AND(F30>=575,F30<600),((F30/D30)*60)*0.9,AND(F30=600),((F30/D30)*60)*1,AND(F30>=601,F30<=625),((F30/D30)*60)*1.2,AND(F30>=626,F30<=650),((F30/D30)*60)*1.5,F30>=651,((F30/D30)*60)*1.8)} -> 1249.8349 | AU30: =(I30*-1.2)+(J30*-1.1)+(K30*1.2)+(L30*1.3)+(M30*1.5) -> 24.108333 | AV30: =(AS30*0.4)+(AT30*0.4)+(AU30*0.2) -> 511.26128 | AW30: =PERCENTRANK(AV:AV,AV30)*100 -> 86.6 | AX30: =_xlfn.CONCAT(TEXT(C30,"mmm"),"-",AE30) -> Jul-2019 | AY30: =ROUNDUP(Table2[[#This Row],[Month]]/3,0) -> 3
A31: 30 | B31: =COUNTIF(R:R,R31) -> 11 | C31: 43674 | D31: =SUM(Table2[[#This Row],[Gray Min]:[Red Min]]) -> 58.25 | E31: 21 | F31: 691 | G31: 133 | H31: 174 | I31: 7.3166667 | J31: 15.933333 | K31: 14.683333 | L31: 14.75 | M31: 5.5666667 | N31: 14th Street, DC | O31: 2:00PM | P31: Demi | Q31: =C31-C30 -> 3 | R31: =MONTH(C31)&"-"&YEAR(C31) -> 7-2019 | S31: Orange 60 Minute | T31: =IF(WEEKDAY(C31)=1,"Sunday",IF(WEEKDAY(C31)=2,"Monday",IF(WEEKDAY(C31)=3,"Tuesday",IF(WEEKDAY(C31)=4,"Wednesday",IF(WEEKDAY(C31)=5,"Thursday",IF(WEEKDAY(C31)=6,"Friday","Saturday")))))) -> Sunday | U31: =IF(E31>=12,1,0) -> 1 | V31: =IFERROR(Table2[[#This Row],[Gray Min]]/Table2[[#This Row],[ClassLength]],"") -> 0.12560801 | W31: =IFERROR(Table2[[#This Row],[Blue Min]]/Table2[[#This Row],[ClassLength]],"") -> 0.27353362 | X31: =IFERROR(Table2[[#This Row],[Green Min]]/Table2[[#This Row],[ClassLength]],"") -> 0.25207439 | Y31: =IFERROR(Table2[[#This Row],[Orange Min]]/Table2[[#This Row],[ClassLength]],"") -> 0.25321888 | Z31: =IFERROR(Table2[[#This Row],[Red Min]]/Table2[[#This Row],[ClassLength]],"") -> 0.095565093 | AA31: 232.14 | AB31: =AA31/B31 -> 21.103636 | AC31: =AVERAGEIF(R:R,R31,F:F) -> 649.63636 | AD31: =AVERAGEIF(R:R,R31,E:E) -> 15.636364 | AE31: =YEAR(C31) -> 2019 | AG31: 12 | AH31: =F31/D31 -> 11.862661 | AI31: =RIGHT(O31,2) -> PM | AJ31: =R31&"-"&WEEKNUM(C31,1)-WEEKNUM(DATE(YEAR(C31),MONTH(C31),1),1)+1 -> 7-2019-5 | AK31: =MONTH(C31) -> 7 | AL31: =IFERROR(Table2[[#This Row],[Calories]]/Table2[[#This Row],[Splat]],"") -> 32.904762 | AM31: =COUNTIF(N$2:$N$938,N31) -> 48 | AN31: =VLOOKUP(N31,'Helpful Tables'!A:D,4,FALSE) -> Washington, DC | AO31: =COUNTIF(AN:AN,Table2[[#This Row],[State]])/COUNTA(AN:AN) -> 0.54904051 | AP31: =VLOOKUP(N31,'Helpful Tables'!A:B,2,FALSE) -> 38.916487 | AQ31: =VLOOKUP(N31,'Helpful Tables'!A:C,3,FALSE) -> -77.031514 | AR31: =COUNTIF(P$2:$P$938,P31) -> 12 | AS31: {=_xlfn.IFS(E31<6,((E31/D31)*60)*0.5,AND(E31>=6,E31<9),((E31/D31)*60)*0.75,AND(E31>=9,E31<=11),((E31/D31)*60)*0.9,AND(E31=12),((E31/D31)*60)*1,AND(E31>=13,E31<=15),((E31/D31)*60)*1.2,AND(E31>=16,E31<=19),((E31/D31)*60)*1.5,E31>=20,((E31/D31)*60)*1.8)} -> 38.935622 | AT31: {=_xlfn.IFS(F31<550,((F31/D31)*60)*0.5,AND(F31>=550,F31<575),((F31/D31)*60)*0.75,AND(F31>=575,F31<600),((F31/D31)*60)*0.9,AND(F31=600),((F31/D31)*60)*1,AND(F31>=601,F31<=625),((F31/D31)*60)*1.2,AND(F31>=626,F31<=650),((F31/D31)*60)*1.5,F31>=651,((F31/D31)*60)*1.8)} -> 1281.1674 | AU31: =(I31*-1.2)+(J31*-1.1)+(K31*1.2)+(L31*1.3)+(M31*1.5) -> 18.838333 | AV31: =(AS31*0.4)+(AT31*0.4)+(AU31*0.2) -> 531.80887 | AW31: =PERCENTRANK(AV:AV,AV31)*100 -> 94 | AX31: =_xlfn.CONCAT(TEXT(C31,"mmm"),"-",AE31) -> Jul-2019 | AY31: =ROUNDUP(Table2[[#This Row],[Month]]/3,0) -> 3
A32: 31 | B32: =COUNTIF(R:R,R32) -> 11 | C32: 43676 | D32: =SUM(Table2[[#This Row],[Gray Min]:[Red Min]]) -> 57.35 | E32: 9 | F32: 613 | G32: 125 | H32: 162 | I32: 8.5666667 | J32: 19.05 | K32: 21.066667 | L32: 8.5833333 | M32: 0.083333333 | N32: 14th Street, DC | O32: 5:30PM | P32: Tiffany | Q32: =C32-C31 -> 2 | R32: =MONTH(C32)&"-"&YEAR(C32) -> 7-2019 | S32: Orange 3G | T32: =IF(WEEKDAY(C32)=1,"Sunday",IF(WEEKDAY(C32)=2,"Monday",IF(WEEKDAY(C32)=3,"Tuesday",IF(WEEKDAY(C32)=4,"Wednesday",IF(WEEKDAY(C32)=5,"Thursday",IF(WEEKDAY(C32)=6,"Friday","Saturday")))))) -> Tuesday | U32: =IF(E32>=12,1,0) -> 0 | V32: =IFERROR(Table2[[#This Row],[Gray Min]]/Table2[[#This Row],[ClassLength]],"") -> 0.14937518 | W32: =IFERROR(Table2[[#This Row],[Blue Min]]/Table2[[#This Row],[ClassLength]],"") -> 0.33217088 | X32: =IFERROR(Table2[[#This Row],[Green Min]]/Table2[[#This Row],[ClassLength]],"") -> 0.36733508 | Y32: =IFERROR(Table2[[#This Row],[Orange Min]]/Table2[[#This Row],[ClassLength]],"") -> 0.14966579 | Z32: =IFERROR(Table2[[#This Row],[Red Min]]/Table2[[#This Row],[ClassLength]],"") -> 0.001453066 | AA32: 232.14 | AB32: =AA32/B32 -> 21.103636 | AC32: =AVERAGEIF(R:R,R32,F:F) -> 649.63636 | AD32: =AVERAGEIF(R:R,R32,E:E) -> 15.636364 | AE32: =YEAR(C32) -> 2019 | AG32: 12 | AH32: =F32/D32 -> 10.688753 | AI32: =RIGHT(O32,2) -> PM | AJ32: =R32&"-"&WEEKNUM(C32,1)-WEEKNUM(DATE(YEAR(C32),MONTH(C32),1),1)+1 -> 7-2019-5 | AK32: =MONTH(C32) -> 7 | AL32: =IFERROR(Table2[[#This Row],[Calories]]/Table2[[#This Row],[Splat]],"") -> 68.111111 | AM32: =COUNTIF(N$2:$N$938,N32) -> 48 | AN32: =VLOOKUP(N32,'Helpful Tables'!A:D,4,FALSE) -> Washington, DC | AO32: =COUNTIF(AN:AN,Table2[[#This Row],[State]])/COUNTA(AN:AN) -> 0.54904051 | AP32: =VLOOKUP(N32,'Helpful Tables'!A:B,2,FALSE) -> 38.916487 | AQ32: =VLOOKUP(N32,'Helpful Tables'!A:C,3,FALSE) -> -77.031514 | AR32: =COUNTIF(P$2:$P$938,P32) -> 30 | AS32: {=_xlfn.IFS(E32<6,((E32/D32)*60)*0.5,AND(E32>=6,E32<9),((E32/D32)*60)*0.75,AND(E32>=9,E32<=11),((E32/D32)*60)*0.9,AND(E32=12),((E32/D32)*60)*1,AND(E32>=13,E32<=15),((E32/D32)*60)*1.2,AND(E32>=16,E32<=19),((E32/D32)*60)*1.5,E32>=20,((E32/D32)*60)*1.8)} -> 8.4742807 | AT32: {=_xlfn.IFS(F32<550,((F32/D32)*60)*0.5,AND(F32>=550,F32<575),((F32/D32)*60)*0.75,AND(F32>=575,F32<600),((F32/D32)*60)*0.9,AND(F32=600),((F32/D32)*60)*1,AND(F32>=601,F32<=625),((F32/D32)*60)*1.2,AND(F32>=626,F32<=650),((F32/D32)*60)*1.5,F32>=651,((F32/D32)*60)*1.8)} -> 769.59024 | AU32: =(I32*-1.2)+(J32*-1.1)+(K32*1.2)+(L32*1.3)+(M32*1.5) -> 5.3283333 | AV32: =(AS32*0.4)+(AT32*0.4)+(AU32*0.2) -> 312.29147 | AW32: =PERCENTRANK(AV:AV,AV32)*100 -> 32.3 | AX32: =_xlfn.CONCAT(TEXT(C32,"mmm"),"-",AE32) -> Jul-2019 | AY32: =ROUNDUP(Table2[[#This Row],[Month]]/3,0) -> 3
A33: 32 | B33: =COUNTIF(R:R,R33) -> 11 | C33: 43678 | D33: =SUM(Table2[[#This Row],[Gray Min]:[Red Min]]) -> 58.55 | E33: 20 | F33: 725 | G33: 137 | H33: 170 | I33: 6.25 | J33: 5.4833333 | K33: 27.066667 | L33: 12.866667 | M33: 6.8833333 | N33: 14th Street, DC | O33: 6:45PM | P33: Phil | Q33: =C33-C32 -> 2 | R33: =MONTH(C33)&"-"&YEAR(C33) -> 8-2019 | S33: Orange 3G | T33: =IF(WEEKDAY(C33)=1,"Sunday",IF(WEEKDAY(C33)=2,"Monday",IF(WEEKDAY(C33)=3,"Tuesday",IF(WEEKDAY(C33)=4,"Wednesday",IF(WEEKDAY(C33)=5,"Thursday",IF(WEEKDAY(C33)=6,"Friday","Saturday")))))) -> Thursday | U33: =IF(E33>=12,1,0) -> 1 | V33: =IFERROR(Table2[[#This Row],[Gray Min]]/Table2[[#This Row],[ClassLength]],"") -> 0.10674637 | W33: =IFERROR(Table2[[#This Row],[Blue Min]]/Table2[[#This Row],[ClassLength]],"") -> 0.093652149 | X33: =IFERROR(Table2[[#This Row],[Green Min]]/Table2[[#This Row],[ClassLength]],"") -> 0.46228295 | Y33: =IFERROR(Table2[[#This Row],[Orange Min]]/Table2[[#This Row],[ClassLength]],"") -> 0.21975519 | Z33: =IFERROR(Table2[[#This Row],[Red Min]]/Table2[[#This Row],[ClassLength]],"") -> 0.11756334 | AA33: 232.14 | AB33: =AA33/B33 -> 21.103636 | AC33: =AVERAGEIF(R:R,R33,F:F) -> 627.18182 | AD33: =AVERAGEIF(R:R,R33,E:E) -> 15.090909 | AE33: =YEAR(C33) -> 2019 | AG33: 12 | AH33: =F33/D33 -> 12.382579 | AI33: =RIGHT(O33,2) -> PM | AJ33: =R33&"-"&WEEKNUM(C33,1)-WEEKNUM(DATE(YEAR(C33),MONTH(C33),1),1)+1 -> 8-2019-1 | AK33: =MONTH(C33) -> 8 | AL33: =IFERROR(Table2[[#This Row],[Calories]]/Table2[[#This Row],[Splat]],"") -> 36.25 | AM33: =COUNTIF(N$2:$N$938,N33) -> 48 | AN33: =VLOOKUP(N33,'Helpful Tables'!A:D,4,FALSE) -> Washington, DC | AO33: =COUNTIF(AN:AN,Table2[[#This Row],[State]])/COUNTA(AN:AN) -> 0.54904051 | AP33: =VLOOKUP(N33,'Helpful Tables'!A:B,2,FALSE) -> 38.916487 | AQ33: =VLOOKUP(N33,'Helpful Tables'!A:C,3,FALSE) -> -77.031514 | AR33: =COUNTIF(P$2:$P$938,P33) -> 1 | AS33: {=_xlfn.IFS(E33<6,((E33/D33)*60)*0.5,AND(E33>=6,E33<9),((E33/D33)*60)*0.75,AND(E33>=9,E33<=11),((E33/D33)*60)*0.9,AND(E33=12),((E33/D33)*60)*1,AND(E33>=13,E33<=15),((E33/D33)*60)*1.2,AND(E33>=16,E33<=19),((E33/D33)*60)*1.5,E33>=20,((E33/D33)*60)*1.8)} -> 36.891546 | AT33: {=_xlfn.IFS(F33<550,((F33/D33)*60)*0.5,AND(F33>=550,F33<575),((F33/D33)*60)*0.75,AND(F33>=575,F33<600),((F33/D33)*60)*0.9,AND(F33=600),((F33/D33)*60)*1,AND(F33>=601,F33<=625),((F33/D33)*60)*1.2,AND(F33>=626,F33<=650),((F33/D33)*60)*1.5,F33>=651,((F33/D33)*60)*1.8)} -> 1337.3185 | AU33: =(I33*-1.2)+(J33*-1.1)+(K33*1.2)+(L33*1.3)+(M33*1.5) -> 46 | AV33: =(AS33*0.4)+(AT33*0.4)+(AU33*0.2) -> 558.88403 | AW33: =PERCENTRANK(AV:AV,AV33)*100 -> 98.8 | AX33: =_xlfn.CONCAT(TEXT(C33,"mmm"),"-",AE33) -> Aug-2019 | AY33: =ROUNDUP(Table2[[#This Row],[Month]]/3,0) -> 3
... A76: 75 | B76: =COUNTIF(R:R,R76) -> 17 | C76: 43768 | D76: =SUM(Table2[[#This Row],[Gray Min]:[Red Min]]) -> 52.95 | E76: 10 | F76: 577 | G76: 127 | H76: 165 | I76: 7.8166667 | J76: 13.4 | K76: 21.666667 | L76: 9.3 | M76: 0.76666667 | N76: Foggy Bottom, DC | O76: 4:30PM | P76: Damani | Q76: =C76-C75 -> 2 | R76: =MONTH(C76)&"-"&YEAR(C76) -> 10-2019 | S76: Orange 60 | T76: =IF(WEEKDAY(C76)=1,"Sunday",IF(WEEKDAY(C76)=2,"Monday",IF(WEEKDAY(C76)=3,"Tuesday",IF(WEEKDAY(C76)=4,"Wednesday",IF(WEEKDAY(C76)=5,"Thursday",IF(WEEKDAY(C76)=6,"Friday","Saturday")))))) -> Wednesday | U76: =IF(E76>=12,1,0) -> 0 | V76: =IFERROR(Table2[[#This Row],[Gray Min]]/Table2[[#This Row],[ClassLength]],"") -> 0.14762354 | W76: =IFERROR(Table2[[#This Row],[Blue Min]]/Table2[[#This Row],[ClassLength]],"") -> 0.25306893 | X76: =IFERROR(Table2[[#This Row],[Green Min]]/Table2[[#This Row],[ClassLength]],"") -> 0.40919106 | Y76: =IFERROR(Table2[[#This Row],[Orange Min]]/Table2[[#This Row],[ClassLength]],"") -> 0.17563739 | Z76: =IFERROR(Table2[[#This Row],[Red Min]]/Table2[[#This Row],[ClassLength]],"") -> 0.014479068 | AA76: 327.14 | AB76: =AA76/B76 -> 19.243529 | AC76: =AVERAGEIF(R:R,R76,F:F) -> 585.94118 | AD76: =AVERAGEIF(R:R,R76,E:E) -> 13.823529 | AE76: =YEAR(C76) -> 2019 | AG76: 12 | AH76: =F76/D76 -> 10.897073 | AI76: =RIGHT(O76,2) -> PM | AJ76: =R76&"-"&WEEKNUM(C76,1)-WEEKNUM(DATE(YEAR(C76),MONTH(C76),1),1)+1 -> 10-2019-5 | AK76: =MONTH(C76) -> 10 | AL76: =IFERROR(Table2[[#This Row],[Calories]]/Table2[[#This Row],[Splat]],"") -> 57.7 | AM76: =COUNTIF(N$2:$N$938,N76) -> 38 | AN76: =VLOOKUP(N76,'Helpful Tables'!A:D,4,FALSE) -> Washington, DC | AO76: =COUNTIF(AN:AN,Table2[[#This Row],[State]])/COUNTA(AN:AN) -> 0.54904051 | AP76: =VLOOKUP(N76,'Helpful Tables'!A:B,2,FALSE) -> 38.90351 | AQ76: =VLOOKUP(N76,'Helpful Tables'!A:C,3,FALSE) -> -77.051809 | AR76: =COUNTIF(P$2:$P$938,P76) -> 20 | AS76: {=_xlfn.IFS(E76<6,((E76/D76)*60)*0.5,AND(E76>=6,E76<9),((E76/D76)*60)*0.75,AND(E76>=9,E76<=11),((E76/D76)*60)*0.9,AND(E76=12),((E76/D76)*60)*1,AND(E76>=13,E76<=15),((E76/D76)*60)*1.2,AND(E76>=16,E76<=19),((E76/D76)*60)*1.5,E76>=20,((E76/D76)*60)*1.8)} -> 10.1983 | AT76: {=_xlfn.IFS(F76<550,((F76/D76)*60)*0.5,AND(F76>=550,F76<575),((F76/D76)*60)*0.75,AND(F76>=575,F76<600),((F76/D76)*60)*0.9,AND(F76=600),((F76/D76)*60)*1,AND(F76>=601,F76<=625),((F76/D76)*60)*1.2,AND(F76>=626,F76<=650),((F76/D76)*60)*1.5,F76>=651,((F76/D76)*60)*1.8)} -> 588.44193 | AU76: =(I76*-1.2)+(J76*-1.1)+(K76*1.2)+(L76*1.3)+(M76*1.5) -> 15.12 | AV76: =(AS76*0.4)+(AT76*0.4)+(AU76*0.2) -> 242.48009 | AW76: =PERCENTRANK(AV:AV,AV76)*100 -> 22.3 | AX76: =_xlfn.CONCAT(TEXT(C76,"mmm"),"-",AE76) -> Oct-2019 | AY76: =ROUNDUP(Table2[[#This Row],[Month]]/3,0) -> 4
A77: 76 | B77: =COUNTIF(R:R,R77) -> 17 | C77: 43769 | D77: =SUM(Table2[[#This Row],[Gray Min]:[Red Min]]) -> 57 | E77: 10 | F77: 590 | G77: 123 | H77: 168 | I77: 10.466667 | J77: 19.333333 | K77: 16.566667 | L77: 9.2333333 | M77: 1.4 | N77: Dunn Lorring, VA | O77: 5:45PM | P77: Madison | Q77: =C77-C76 -> 1 | R77: =MONTH(C77)&"-"&YEAR(C77) -> 10-2019 | S77: Orange 3G | T77: =IF(WEEKDAY(C77)=1,"Sunday",IF(WEEKDAY(C77)=2,"Monday",IF(WEEKDAY(C77)=3,"Tuesday",IF(WEEKDAY(C77)=4,"Wednesday",IF(WEEKDAY(C77)=5,"Thursday",IF(WEEKDAY(C77)=6,"Friday","Saturday")))))) -> Thursday | U77: =IF(E77>=12,1,0) -> 0 | V77: =IFERROR(Table2[[#This Row],[Gray Min]]/Table2[[#This Row],[ClassLength]],"") -> 0.18362573 | W77: =IFERROR(Table2[[#This Row],[Blue Min]]/Table2[[#This Row],[ClassLength]],"") -> 0.33918129 | X77: =IFERROR(Table2[[#This Row],[Green Min]]/Table2[[#This Row],[ClassLength]],"") -> 0.29064327 | Y77: =IFERROR(Table2[[#This Row],[Orange Min]]/Table2[[#This Row],[ClassLength]],"") -> 0.1619883 | Z77: =IFERROR(Table2[[#This Row],[Red Min]]/Table2[[#This Row],[ClassLength]],"") -> 0.024561404 | AA77: 327.14 | AB77: =AA77/B77 -> 19.243529 | AC77: =AVERAGEIF(R:R,R77,F:F) -> 585.94118 | AD77: =AVERAGEIF(R:R,R77,E:E) -> 13.823529 | AE77: =YEAR(C77) -> 2019 | AF77: 95 | AG77: 12 | AH77: =F77/D77 -> 10.350877 | AI77: =RIGHT(O77,2) -> PM | AJ77: =R77&"-"&WEEKNUM(C77,1)-WEEKNUM(DATE(YEAR(C77),MONTH(C77),1),1)+1 -> 10-2019-5 | AK77: =MONTH(C77) -> 10 | AL77: =IFERROR(Table2[[#This Row],[Calories]]/Table2[[#This Row],[Splat]],"") -> 59 | AM77: =COUNTIF(N$2:$N$938,N77) -> 35 | AN77: =VLOOKUP(N77,'Helpful Tables'!A:D,4,FALSE) -> Virginia | AO77: =COUNTIF(AN:AN,Table2[[#This Row],[State]])/COUNTA(AN:AN) -> 0.056503198 | AP77: =VLOOKUP(N77,'Helpful Tables'!A:B,2,FALSE) -> 38.881885 | AQ77: =VLOOKUP(N77,'Helpful Tables'!A:C,3,FALSE) -> -77.229702 | AR77: =COUNTIF(P$2:$P$938,P77) -> 1 | AS77: {=_xlfn.IFS(E77<6,((E77/D77)*60)*0.5,AND(E77>=6,E77<9),((E77/D77)*60)*0.75,AND(E77>=9,E77<=11),((E77/D77)*60)*0.9,AND(E77=12),((E77/D77)*60)*1,AND(E77>=13,E77<=15),((E77/D77)*60)*1.2,AND(E77>=16,E77<=19),((E77/D77)*60)*1.5,E77>=20,((E77/D77)*60)*1.8)} -> 9.4736842 | AT77: {=_xlfn.IFS(F77<550,((F77/D77)*60)*0.5,AND(F77>=550,F77<575),((F77/D77)*60)*0.75,AND(F77>=575,F77<600),((F77/D77)*60)*0.9,AND(F77=600),((F77/D77)*60)*1,AND(F77>=601,F77<=625),((F77/D77)*60)*1.2,AND(F77>=626,F77<=650),((F77/D77)*60)*1.5,F77>=651,((F77/D77)*60)*1.8)} -> 558.94737 | AU77: =(I77*-1.2)+(J77*-1.1)+(K77*1.2)+(L77*1.3)+(M77*1.5) -> 0.15666667 | AV77: =(AS77*0.4)+(AT77*0.4)+(AU77*0.2) -> 227.39975 | AW77: =PERCENTRANK(AV:AV,AV77)*100 -> 19 | AX77: =_xlfn.CONCAT(TEXT(C77,"mmm"),"-",AE77) -> Oct-2019 | AY77: =ROUNDUP(Table2[[#This Row],[Month]]/3,0) -> 4
A78: 77 | B78: =COUNTIF(R:R,R78) -> 15 | C78: 43773 | D78: =SUM(Table2[[#This Row],[Gray Min]:[Red Min]]) -> 57.133333 | E78: 15 | F78: 639 | G78: 129 | H78: 170 | I78: 10.783333 | J78: 14.4 | K78: 17.333333 | L78: 8.7166667 | M78: 5.9 | N78: Foggy Bottom, DC | O78: 4:30PM | P78: Shayna | Q78: =C78-C77 -> 4 | R78: =MONTH(C78)&"-"&YEAR(C78) -> 11-2019 | S78: Orange 60 | T78: =IF(WEEKDAY(C78)=1,"Sunday",IF(WEEKDAY(C78)=2,"Monday",IF(WEEKDAY(C78)=3,"Tuesday",IF(WEEKDAY(C78)=4,"Wednesday",IF(WEEKDAY(C78)=5,"Thursday",IF(WEEKDAY(C78)=6,"Friday","Saturday")))))) -> Monday | U78: =IF(E78>=12,1,0) -> 1 | V78: =IFERROR(Table2[[#This Row],[Gray Min]]/Table2[[#This Row],[ClassLength]],"") -> 0.18873979 | W78: =IFERROR(Table2[[#This Row],[Blue Min]]/Table2[[#This Row],[ClassLength]],"") -> 0.25204201 | X78: =IFERROR(Table2[[#This Row],[Green Min]]/Table2[[#This Row],[ClassLength]],"") -> 0.3033839 | Y78: =IFERROR(Table2[[#This Row],[Orange Min]]/Table2[[#This Row],[ClassLength]],"") -> 0.15256709 | Z78: =IFERROR(Table2[[#This Row],[Red Min]]/Table2[[#This Row],[ClassLength]],"") -> 0.10326721 | AA78: 237.14 | AB78: =AA78/B78 -> 15.809333 | AC78: =AVERAGEIF(R:R,R78,F:F) -> 602.06667 | AD78: =AVERAGEIF(R:R,R78,E:E) -> 15.133333 | AE78: =YEAR(C78) -> 2019 | AG78: 12 | AH78: =F78/D78 -> 11.184364 | AI78: =RIGHT(O78,2) -> PM | AJ78: =R78&"-"&WEEKNUM(C78,1)-WEEKNUM(DATE(YEAR(C78),MONTH(C78),1),1)+1 -> 11-2019-2 | AK78: =MONTH(C78) -> 11 | AL78: =IFERROR(Table2[[#This Row],[Calories]]/Table2[[#This Row],[Splat]],"") -> 42.6 | AM78: =COUNTIF(N$2:$N$938,N78) -> 38 | AN78: =VLOOKUP(N78,'Helpful Tables'!A:D,4,FALSE) -> Washington, DC | AO78: =COUNTIF(AN:AN,Table2[[#This Row],[State]])/COUNTA(AN:AN) -> 0.54904051 | AP78: =VLOOKUP(N78,'Helpful Tables'!A:B,2,FALSE) -> 38.90351 | AQ78: =VLOOKUP(N78,'Helpful Tables'!A:C,3,FALSE) -> -77.051809 | AR78: =COUNTIF(P$2:$P$938,P78) -> 2 | AS78: {=_xlfn.IFS(E78<6,((E78/D78)*60)*0.5,AND(E78>=6,E78<9),((E78/D78)*60)*0.75,AND(E78>=9,E78<=11),((E78/D78)*60)*0.9,AND(E78=12),((E78/D78)*60)*1,AND(E78>=13,E78<=15),((E78/D78)*60)*1.2,AND(E78>=16,E78<=19),((E78/D78)*60)*1.5,E78>=20,((E78/D78)*60)*1.8)} -> 18.903151 | AT78: {=_xlfn.IFS(F78<550,((F78/D78)*60)*0.5,AND(F78>=550,F78<575),((F78/D78)*60)*0.75,AND(F78>=575,F78<600),((F78/D78)*60)*0.9,AND(F78=600),((F78/D78)*60)*1,AND(F78>=601,F78<=625),((F78/D78)*60)*1.2,AND(F78>=626,F78<=650),((F78/D78)*60)*1.5,F78>=651,((F78/D78)*60)*1.8)} -> 1006.5928 | AU78: =(I78*-1.2)+(J78*-1.1)+(K78*1.2)+(L78*1.3)+(M78*1.5) -> 12.201667 | AV78: =(AS78*0.4)+(AT78*0.4)+(AU78*0.2) -> 412.6387 | AW78: =PERCENTRANK(AV:AV,AV78)*100 -> 59.5 | AX78: =_xlfn.CONCAT(TEXT(C78,"mmm"),"-",AE78) -> Nov-2019 | AY78: =ROUNDUP(Table2[[#This Row],[Month]]/3,0) -> 4
A79: 78 | B79: =COUNTIF(R:R,R79) -> 15 | C79: 43775 | D79: =SUM(Table2[[#This Row],[Gray Min]:[Red Min]]) -> 58.65 | E79: 15 | F79: 646 | G79: 127 | H79: 166 | I79: 13.966667 | J79: 11.066667 | K79: 18.516667 | L79: 13.316667 | M79: 1.7833333 | N79: Foggy Bottom, DC | O79: 4:30PM | P79: Dwayne | Q79: =C79-C78 -> 2 | R79: =MONTH(C79)&"-"&YEAR(C79) -> 11-2019 | S79: Orange 60 | T79: =IF(WEEKDAY(C79)=1,"Sunday",IF(WEEKDAY(C79)=2,"Monday",IF(WEEKDAY(C79)=3,"Tuesday",IF(WEEKDAY(C79)=4,"Wednesday",IF(WEEKDAY(C79)=5,"Thursday",IF(WEEKDAY(C79)=6,"Friday","Saturday")))))) -> Wednesday | U79: =IF(E79>=12,1,0) -> 1 | V79: =IFERROR(Table2[[#This Row],[Gray Min]]/Table2[[#This Row],[ClassLength]],"") -> 0.23813583 | W79: =IFERROR(Table2[[#This Row],[Blue Min]]/Table2[[#This Row],[ClassLength]],"") -> 0.18868997 | X79: =IFERROR(Table2[[#This Row],[Green Min]]/Table2[[#This Row],[ClassLength]],"") -> 0.31571469 | Y79: =IFERROR(Table2[[#This Row],[Orange Min]]/Table2[[#This Row],[ClassLength]],"") -> 0.22705314 | Z79: =IFERROR(Table2[[#This Row],[Red Min]]/Table2[[#This Row],[ClassLength]],"") -> 0.030406365 | AA79: 237.14 | AB79: =AA79/B79 -> 15.809333 | AC79: =AVERAGEIF(R:R,R79,F:F) -> 602.06667 | AD79: =AVERAGEIF(R:R,R79,E:E) -> 15.133333 | AE79: =YEAR(C79) -> 2019 | AG79: 12 | AH79: =F79/D79 -> 11.014493 | AI79: =RIGHT(O79,2) -> PM | AJ79: =R79&"-"&WEEKNUM(C79,1)-WEEKNUM(DATE(YEAR(C79),MONTH(C79),1),1)+1 -> 11-2019-2 | AK79: =MONTH(C79) -> 11 | AL79: =IFERROR(Table2[[#This Row],[Calories]]/Table2[[#This Row],[Splat]],"") -> 43.066667 | AM79: =COUNTIF(N$2:$N$938,N79) -> 38 | AN79: =VLOOKUP(N79,'Helpful Tables'!A:D,4,FALSE) -> Washington, DC | AO79: =COUNTIF(AN:AN,Table2[[#This Row],[State]])/COUNTA(AN:AN) -> 0.54904051 | AP79: =VLOOKUP(N79,'Helpful Tables'!A:B,2,FALSE) -> 38.90351 | AQ79: =VLOOKUP(N79,'Helpful Tables'!A:C,3,FALSE) -> -77.051809 | AR79: =COUNTIF(P$2:$P$938,P79) -> 2 | AS79: {=_xlfn.IFS(E79<6,((E79/D79)*60)*0.5,AND(E79>=6,E79<9),((E79/D79)*60)*0.75,AND(E79>=9,E79<=11),((E79/D79)*60)*0.9,AND(E79=12),((E79/D79)*60)*1,AND(E79>=13,E79<=15),((E79/D79)*60)*1.2,AND(E79>=16,E79<=19),((E79/D79)*60)*1.5,E79>=20,((E79/D79)*60)*1.8)} -> 18.414322 | AT79: {=_xlfn.IFS(F79<550,((F79/D79)*60)*0.5,AND(F79>=550,F79<575),((F79/D79)*60)*0.75,AND(F79>=575,F79<600),((F79/D79)*60)*0.9,AND(F79=600),((F79/D79)*60)*1,AND(F79>=601,F79<=625),((F79/D79)*60)*1.2,AND(F79>=626,F79<=650),((F79/D79)*60)*1.5,F79>=651,((F79/D79)*60)*1.8)} -> 991.30435 | AU79: =(I79*-1.2)+(J79*-1.1)+(K79*1.2)+(L79*1.3)+(M79*1.5) -> 13.273333 | AV79: =(AS79*0.4)+(AT79*0.4)+(AU79*0.2) -> 406.54213 | AW79: =PERCENTRANK(AV:AV,AV79)*100 -> 56.4 | AX79: =_xlfn.CONCAT(TEXT(C79,"mmm"),"-",AE79) -> Nov-2019 | AY79: =ROUNDUP(Table2[[#This Row],[Month]]/3,0) -> 4
A80: 79 | B80: =COUNTIF(R:R,R80) -> 15 | C80: 43777 | D80: =SUM(Table2[[#This Row],[Gray Min]:[Red Min]]) -> 48.666667 | E80: 22 | F80: 584 | G80: 134 | H80: 176 | I80: 10.166667 | J80: 8.2666667 | K80: 7.6166667 | L80: 15.166667 | M80: 7.45 | N80: Navy Yard, DC | O80: 5:30PM | P80: Joe | Q80: =C80-C79 -> 2 | R80: =MONTH(C80)&"-"&YEAR(C80) -> 11-2019 | S80: Orange 60 | T80: =IF(WEEKDAY(C80)=1,"Sunday",IF(WEEKDAY(C80)=2,"Monday",IF(WEEKDAY(C80)=3,"Tuesday",IF(WEEKDAY(C80)=4,"Wednesday",IF(WEEKDAY(C80)=5,"Thursday",IF(WEEKDAY(C80)=6,"Friday","Saturday")))))) -> Friday | U80: =IF(E80>=12,1,0) -> 1 | V80: =IFERROR(Table2[[#This Row],[Gray Min]]/Table2[[#This Row],[ClassLength]],"") -> 0.20890411 | W80: =IFERROR(Table2[[#This Row],[Blue Min]]/Table2[[#This Row],[ClassLength]],"") -> 0.16986301 | X80: =IFERROR(Table2[[#This Row],[Green Min]]/Table2[[#This Row],[ClassLength]],"") -> 0.15650685 | Y80: =IFERROR(Table2[[#This Row],[Orange Min]]/Table2[[#This Row],[ClassLength]],"") -> 0.31164384 | Z80: =IFERROR(Table2[[#This Row],[Red Min]]/Table2[[#This Row],[ClassLength]],"") -> 0.15308219 | AA80: 237.14 | AB80: =AA80/B80 -> 15.809333 | AC80: =AVERAGEIF(R:R,R80,F:F) -> 602.06667 | AD80: =AVERAGEIF(R:R,R80,E:E) -> 15.133333 | AE80: =YEAR(C80) -> 2019 | AG80: 12 | AH80: =F80/D80 -> 12 | AI80: =RIGHT(O80,2) -> PM | AJ80: =R80&"-"&WEEKNUM(C80,1)-WEEKNUM(DATE(YEAR(C80),MONTH(C80),1),1)+1 -> 11-2019-2 | AK80: =MONTH(C80) -> 11 | AL80: =IFERROR(Table2[[#This Row],[Calories]]/Table2[[#This Row],[Splat]],"") -> 26.545455 | AM80: =COUNTIF(N$2:$N$938,N80) -> 10 | AN80: =VLOOKUP(N80,'Helpful Tables'!A:D,4,FALSE) -> Washington, DC | AO80: =COUNTIF(AN:AN,Table2[[#This Row],[State]])/COUNTA(AN:AN) -> 0.54904051 | AP80: =VLOOKUP(N80,'Helpful Tables'!A:B,2,FALSE) -> 38.879828 | AQ80: =VLOOKUP(N80,'Helpful Tables'!A:C,3,FALSE) -> -77.005566 | AR80: =COUNTIF(P$2:$P$938,P80) -> 9 | AS80: {=_xlfn.IFS(E80<6,((E80/D80)*60)*0.5,AND(E80>=6,E80<9),((E80/D80)*60)*0.75,AND(E80>=9,E80<=11),((E80/D80)*60)*0.9,AND(E80=12),((E80/D80)*60)*1,AND(E80>=13,E80<=15),((E80/D80)*60)*1.2,AND(E80>=16,E80<=19),((E80/D80)*60)*1.5,E80>=20,((E80/D80)*60)*1.8)} -> 48.821918 | AT80: {=_xlfn.IFS(F80<550,((F80/D80)*60)*0.5,AND(F80>=550,F80<575),((F80/D80)*60)*0.75,AND(F80>=575,F80<600),((F80/D80)*60)*0.9,AND(F80=600),((F80/D80)*60)*1,AND(F80>=601,F80<=625),((F80/D80)*60)*1.2,AND(F80>=626,F80<=650),((F80/D80)*60)*1.5,F80>=651,((F80/D80)*60)*1.8)} -> 648 | AU80: =(I80*-1.2)+(J80*-1.1)+(K80*1.2)+(L80*1.3)+(M80*1.5) -> 18.738333 | AV80: =(AS80*0.4)+(AT80*0.4)+(AU80*0.2) -> 282.47643 | AW80: =PERCENTRANK(AV:AV,AV80)*100 -> 24.1 | AX80: =_xlfn.CONCAT(TEXT(C80,"mmm"),"-",AE80) -> Nov-2019 | AY80: =ROUNDUP(Table2[[#This Row],[Month]]/3,0) -> 4
A81: 80 | B81: =COUNTIF(R:R,R81) -> 15 | C81: 43779 | D81: =SUM(Table2[[#This Row],[Gray Min]:[Red Min]]) -> 55.716667 | E81: 17 | F81: 566 | G81: 122 | H81: 173 | I81: 22.2 | J81: 8.3833333 | K81: 8.35 | L81: 12.25 | M81: 4.5333333 | N81: 14th Street, DC | O81: 2:00PM | P81: Kara | Q81: =C81-C80 -> 2 | R81: =MONTH(C81)&"-"&YEAR(C81) -> 11-2019 | S81: Orange 60 Minute | T81: =IF(WEEKDAY(C81)=1,"Sunday",IF(WEEKDAY(C81)=2,"Monday",IF(WEEKDAY(C81)=3,"Tuesday",IF(WEEKDAY(C81)=4,"Wednesday",IF(WEEKDAY(C81)=5,"Thursday",IF(WEEKDAY(C81)=6,"Friday","Saturday")))))) -> Sunday | U81: =IF(E81>=12,1,0) -> 1 | V81: =IFERROR(Table2[[#This Row],[Gray Min]]/Table2[[#This Row],[ClassLength]],"") -> 0.39844451 | W81: =IFERROR(Table2[[#This Row],[Blue Min]]/Table2[[#This Row],[ClassLength]],"") -> 0.15046366 | X81: =IFERROR(Table2[[#This Row],[Green Min]]/Table2[[#This Row],[ClassLength]],"") -> 0.14986539 | Y81: =IFERROR(Table2[[#This Row],[Orange Min]]/Table2[[#This Row],[ClassLength]],"") -> 0.2198624 | Z81: =IFERROR(Table2[[#This Row],[Red Min]]/Table2[[#This Row],[ClassLength]],"") -> 0.081364044 | AA81: 237.14 | AB81: =AA81/B81 -> 15.809333 | AC81: =AVERAGEIF(R:R,R81,F:F) -> 602.06667 | AD81: =AVERAGEIF(R:R,R81,E:E) -> 15.133333 | AE81: =YEAR(C81) -> 2019 | AG81: 12 | AH81: =F81/D81 -> 10.15854 | AI81: =RIGHT(O81,2) -> PM | AJ81: =R81&"-"&WEEKNUM(C81,1)-WEEKNUM(DATE(YEAR(C81),MONTH(C81),1),1)+1 -> 11-2019-3 | AK81: =MONTH(C81) -> 11 | AL81: =IFERROR(Table2[[#This Row],[Calories]]/Table2[[#This Row],[Splat]],"") -> 33.294118 | AM81: =COUNTIF(N$2:$N$938,N81) -> 48 | AN81: =VLOOKUP(N81,'Helpful Tables'!A:D,4,FALSE) -> Washington, DC | AO81: =COUNTIF(AN:AN,Table2[[#This Row],[State]])/COUNTA(AN:AN) -> 0.54904051 | AP81: =VLOOKUP(N81,'Helpful Tables'!A:B,2,FALSE) -> 38.916487 | AQ81: =VLOOKUP(N81,'Helpful Tables'!A:C,3,FALSE) -> -77.031514 | AR81: =COUNTIF(P$2:$P$938,P81) -> 5 | AS81: {=_xlfn.IFS(E81<6,((E81/D81)*60)*0.5,AND(E81>=6,E81<9),((E81/D81)*60)*0.75,AND(E81>=9,E81<=11),((E81/D81)*60)*0.9,AND(E81=12),((E81/D81)*60)*1,AND(E81>=13,E81<=15),((E81/D81)*60)*1.2,AND(E81>=16,E81<=19),((E81/D81)*60)*1.5,E81>=20,((E81/D81)*60)*1.8)} -> 27.460365 | AT81: {=_xlfn.IFS(F81<550,((F81/D81)*60)*0.5,AND(F81>=550,F81<575),((F81/D81)*60)*0.75,AND(F81>=575,F81<600),((F81/D81)*60)*0.9,AND(F81=600),((F81/D81)*60)*1,AND(F81>=601,F81<=625),((F81/D81)*60)*1.2,AND(F81>=626,F81<=650),((F81/D81)*60)*1.5,F81>=651,((F81/D81)*60)*1.8)} -> 457.13431 | AU81: =(I81*-1.2)+(J81*-1.1)+(K81*1.2)+(L81*1.3)+(M81*1.5) -> -3.1166667 | AV81: =(AS81*0.4)+(AT81*0.4)+(AU81*0.2) -> 193.21454 | AW81: =PERCENTRANK(AV:AV,AV81)*100 -> 12.6 | AX81: =_xlfn.CONCAT(TEXT(C81,"mmm"),"-",AE81) -> Nov-2019 | AY81: =ROUNDUP(Table2[[#This Row],[Month]]/3,0) -> 4
A82: 81 | B82: =COUNTIF(R:R,R82) -> 15 | C82: 43780 | D82: =SUM(Table2[[#This Row],[Gray Min]:[Red Min]]) -> 53.15 | E82: 18 | F82: 569 | G82: 125 | H82: 167 | I82: 16.466667 | J82: 10.233333 | K82: 8.7333333 | L82: 15 | M82: 2.7166667 | N82: 14th Street, DC | O82: 8:45AM | P82: Tiffany | Q82: =C82-C81 -> 1 | R82: =MONTH(C82)&"-"&YEAR(C82) -> 11-2019 | S82: Orange 60 Minute | T82: =IF(WEEKDAY(C82)=1,"Sunday",IF(WEEKDAY(C82)=2,"Monday",IF(WEEKDAY(C82)=3,"Tuesday",IF(WEEKDAY(C82)=4,"Wednesday",IF(WEEKDAY(C82)=5,"Thursday",IF(WEEKDAY(C82)=6,"Friday","Saturday")))))) -> Monday | U82: =IF(E82>=12,1,0) -> 1 | V82: =IFERROR(Table2[[#This Row],[Gray Min]]/Table2[[#This Row],[ClassLength]],"") -> 0.30981499 | W82: =IFERROR(Table2[[#This Row],[Blue Min]]/Table2[[#This Row],[ClassLength]],"") -> 0.19253685 | X82: =IFERROR(Table2[[#This Row],[Green Min]]/Table2[[#This Row],[ClassLength]],"") -> 0.16431483 | Y82: =IFERROR(Table2[[#This Row],[Orange Min]]/Table2[[#This Row],[ClassLength]],"") -> 0.28222013 | Z82: =IFERROR(Table2[[#This Row],[Red Min]]/Table2[[#This Row],[ClassLength]],"") -> 0.051113202 | AA82: 237.14 | AB82: =AA82/B82 -> 15.809333 | AC82: =AVERAGEIF(R:R,R82,F:F) -> 602.06667 | AD82: =AVERAGEIF(R:R,R82,E:E) -> 15.133333 | AE82: =YEAR(C82) -> 2019 | AG82: 12 | AH82: =F82/D82 -> 10.70555 | AI82: =RIGHT(O82,2) -> AM | AJ82: =R82&"-"&WEEKNUM(C82,1)-WEEKNUM(DATE(YEAR(C82),MONTH(C82),1),1)+1 -> 11-2019-3 | AK82: =MONTH(C82) -> 11 | AL82: =IFERROR(Table2[[#This Row],[Calories]]/Table2[[#This Row],[Splat]],"") -> 31.611111 | AM82: =COUNTIF(N$2:$N$938,N82) -> 48 | AN82: =VLOOKUP(N82,'Helpful Tables'!A:D,4,FALSE) -> Washington, DC | AO82: =COUNTIF(AN:AN,Table2[[#This Row],[State]])/COUNTA(AN:AN) -> 0.54904051 | AP82: =VLOOKUP(N82,'Helpful Tables'!A:B,2,FALSE) -> 38.916487 | AQ82: =VLOOKUP(N82,'Helpful Tables'!A:C,3,FALSE) -> -77.031514 | AR82: =COUNTIF(P$2:$P$938,P82) -> 30 | AS82: {=_xlfn.IFS(E82<6,((E82/D82)*60)*0.5,AND(E82>=6,E82<9),((E82/D82)*60)*0.75,AND(E82>=9,E82<=11),((E82/D82)*60)*0.9,AND(E82=12),((E82/D82)*60)*1,AND(E82>=13,E82<=15),((E82/D82)*60)*1.2,AND(E82>=16,E82<=19),((E82/D82)*60)*1.5,E82>=20,((E82/D82)*60)*1.8)} -> 30.479774 | AT82: {=_xlfn.IFS(F82<550,((F82/D82)*60)*0.5,AND(F82>=550,F82<575),((F82/D82)*60)*0.75,AND(F82>=575,F82<600),((F82/D82)*60)*0.9,AND(F82=600),((F82/D82)*60)*1,AND(F82>=601,F82<=625),((F82/D82)*60)*1.2,AND(F82>=626,F82<=650),((F82/D82)*60)*1.5,F82>=651,((F82/D82)*60)*1.8)} -> 481.74976 | AU82: =(I82*-1.2)+(J82*-1.1)+(K82*1.2)+(L82*1.3)+(M82*1.5) -> 3.0383333 | AV82: =(AS82*0.4)+(AT82*0.4)+(AU82*0.2) -> 205.49948 | AW82: =PERCENTRANK(AV:AV,AV82)*100 -> 13.5 | AX82: =_xlfn.CONCAT(TEXT(C82,"mmm"),"-",AE82) -> Nov-2019 | AY82: =ROUNDUP(Table2[[#This Row],[Month]]/3,0) -> 4
A83: 82 | B83: =COUNTIF(R:R,R83) -> 15 | C83: 43782 | D83: =SUM(Table2[[#This Row],[Gray Min]:[Red Min]]) -> 56.216667 | E83: 10 | F83: 626 | G83: 128 | H83: 170 | I83: 9.9166667 | J83: 12.8 | K83: 23 | L83: 7.15 | M83: 3.35 | N83: 14th Street, DC | O83: 5:30PM | P83: Demi | Q83: =C83-C82 -> 2 | R83: =MONTH(C83)&"-"&YEAR(C83) -> 11-2019 | S83: Orange 3G | T83: =IF(WEEKDAY(C83)=1,"Sunday",IF(WEEKDAY(C83)=2,"Monday",IF(WEEKDAY(C83)=3,"Tuesday",IF(WEEKDAY(C83)=4,"Wednesday",IF(WEEKDAY(C83)=5,"Thursday",IF(WEEKDAY(C83)=6,"Friday","Saturday")))))) -> Wednesday | U83: =IF(E83>=12,1,0) -> 0 | V83: =IFERROR(Table2[[#This Row],[Gray Min]]/Table2[[#This Row],[ClassLength]],"") -> 0.17640083 | W83: =IFERROR(Table2[[#This Row],[Blue Min]]/Table2[[#This Row],[ClassLength]],"") -> 0.22769048 | X83: =IFERROR(Table2[[#This Row],[Green Min]]/Table2[[#This Row],[ClassLength]],"") -> 0.40913134 | Y83: =IFERROR(Table2[[#This Row],[Orange Min]]/Table2[[#This Row],[ClassLength]],"") -> 0.12718648 | Z83: =IFERROR(Table2[[#This Row],[Red Min]]/Table2[[#This Row],[ClassLength]],"") -> 0.059590869 | AA83: 237.14 | AB83: =AA83/B83 -> 15.809333 | AC83: =AVERAGEIF(R:R,R83,F:F) -> 602.06667 | AD83: =AVERAGEIF(R:R,R83,E:E) -> 15.133333 | AE83: =YEAR(C83) -> 2019 | AG83: 12 | AH83: =F83/D83 -> 11.135488 | AI83: =RIGHT(O83,2) -> PM | AJ83: =R83&"-"&WEEKNUM(C83,1)-WEEKNUM(DATE(YEAR(C83),MONTH(C83),1),1)+1 -> 11-2019-3 | AK83: =MONTH(C83) -> 11 | AL83: =IFERROR(Table2[[#This Row],[Calories]]/Table2[[#This Row],[Splat]],"") -> 62.6 | AM83: =COUNTIF(N$2:$N$938,N83) -> 48 | AN83: =VLOOKUP(N83,'Helpful Tables'!A:D,4,FALSE) -> Washington, DC | AO83: =COUNTIF(AN:AN,Table2[[#This Row],[State]])/COUNTA(AN:AN) -> 0.54904051 | AP83: =VLOOKUP(N83,'Helpful Tables'!A:B,2,FALSE) -> 38.916487 | AQ83: =VLOOKUP(N83,'Helpful Tables'!A:C,3,FALSE) -> -77.031514 | AR83: =COUNTIF(P$2:$P$938,P83) -> 12 | AS83: {=_xlfn.IFS(E83<6,((E83/D83)*60)*0.5,AND(E83>=6,E83<9),((E83/D83)*60)*0.75,AND(E83>=9,E83<=11),((E83/D83)*60)*0.9,AND(E83=12),((E83/D83)*60)*1,AND(E83>=13,E83<=15),((E83/D83)*60)*1.2,AND(E83>=16,E83<=19),((E83/D83)*60)*1.5,E83>=20,((E83/D83)*60)*1.8)} -> 9.6056923 | AT83: {=_xlfn.IFS(F83<550,((F83/D83)*60)*0.5,AND(F83>=550,F83<575),((F83/D83)*60)*0.75,AND(F83>=575,F83<600),((F83/D83)*60)*0.9,AND(F83=600),((F83/D83)*60)*1,AND(F83>=601,F83<=625),((F83/D83)*60)*1.2,AND(F83>=626,F83<=650),((F83/D83)*60)*1.5,F83>=651,((F83/D83)*60)*1.8)} -> 1002.1939 | AU83: =(I83*-1.2)+(J83*-1.1)+(K83*1.2)+(L83*1.3)+(M83*1.5) -> 15.94 | AV83: =(AS83*0.4)+(AT83*0.4)+(AU83*0.2) -> 407.90783 | AW83: =PERCENTRANK(AV:AV,AV83)*100 -> 57.6 | AX83: =_xlfn.CONCAT(TEXT(C83,"mmm"),"-",AE83) -> Nov-2019 | AY83: =ROUNDUP(Table2[[#This Row],[Month]]/3,0) -> 4
A84: 83 | B84: =COUNTIF(R:R,R84) -> 15 | C84: 43784 | D84: =SUM(Table2[[#This Row],[Gray Min]:[Red Min]]) -> 54.883333 | E84: 16 | F84: 544 | G84: 120 | H84: 174 | I84: 22 | J84: 8.7666667 | K84: 8.3333333 | L84: 9.05 | M84: 6.7333333 | N84: Navy Yard, DC | O84: 5:30PM | P84: Joe | Q84: =C84-C83 -> 2 | R84: =MONTH(C84)&"-"&YEAR(C84) -> 11-2019 | S84: Orange 60 | T84: =IF(WEEKDAY(C84)=1,"Sunday",IF(WEEKDAY(C84)=2,"Monday",IF(WEEKDAY(C84)=3,"Tuesday",IF(WEEKDAY(C84)=4,"Wednesday",IF(WEEKDAY(C84)=5,"Thursday",IF(WEEKDAY(C84)=6,"Friday","Saturday")))))) -> Friday | U84: =IF(E84>=12,1,0) -> 1 | V84: =IFERROR(Table2[[#This Row],[Gray Min]]/Table2[[#This Row],[ClassLength]],"") -> 0.40085029 | W84: =IFERROR(Table2[[#This Row],[Blue Min]]/Table2[[#This Row],[ClassLength]],"") -> 0.15973277 | X84: =IFERROR(Table2[[#This Row],[Green Min]]/Table2[[#This Row],[ClassLength]],"") -> 0.15183723 | Y84: =IFERROR(Table2[[#This Row],[Orange Min]]/Table2[[#This Row],[ClassLength]],"") -> 0.16489523 | Z84: =IFERROR(Table2[[#This Row],[Red Min]]/Table2[[#This Row],[ClassLength]],"") -> 0.12268448 | AA84: 237.14 | AB84: =AA84/B84 -> 15.809333 | AC84: =AVERAGEIF(R:R,R84,F:F) -> 602.06667 | AD84: =AVERAGEIF(R:R,R84,E:E) -> 15.133333 | AE84: =YEAR(C84) -> 2019 | AG84: 12 | AH84: =F84/D84 -> 9.9119344 | AI84: =RIGHT(O84,2) -> PM | AJ84: =R84&"-"&WEEKNUM(C84,1)-WEEKNUM(DATE(YEAR(C84),MONTH(C84),1),1)+1 -> 11-2019-3 | AK84: =MONTH(C84) -> 11 | AL84: =IFERROR(Table2[[#This Row],[Calories]]/Table2[[#This Row],[Splat]],"") -> 34 | AM84: =COUNTIF(N$2:$N$938,N84) -> 10 | AN84: =VLOOKUP(N84,'Helpful Tables'!A:D,4,FALSE) -> Washington, DC | AO84: =COUNTIF(AN:AN,Table2[[#This Row],[State]])/COUNTA(AN:AN) -> 0.54904051 | AP84: =VLOOKUP(N84,'Helpful Tables'!A:B,2,FALSE) -> 38.879828 | AQ84: =VLOOKUP(N84,'Helpful Tables'!A:C,3,FALSE) -> -77.005566 | AR84: =COUNTIF(P$2:$P$938,P84) -> 9 | AS84: {=_xlfn.IFS(E84<6,((E84/D84)*60)*0.5,AND(E84>=6,E84<9),((E84/D84)*60)*0.75,AND(E84>=9,E84<=11),((E84/D84)*60)*0.9,AND(E84=12),((E84/D84)*60)*1,AND(E84>=13,E84<=15),((E84/D84)*60)*1.2,AND(E84>=16,E84<=19),((E84/D84)*60)*1.5,E84>=20,((E84/D84)*60)*1.8)} -> 26.237473 | AT84: {=_xlfn.IFS(F84<550,((F84/D84)*60)*0.5,AND(F84>=550,F84<575),((F84/D84)*60)*0.75,AND(F84>=575,F84<600),((F84/D84)*60)*0.9,AND(F84=600),((F84/D84)*60)*1,AND(F84>=601,F84<=625),((F84/D84)*60)*1.2,AND(F84>=626,F84<=650),((F84/D84)*60)*1.5,F84>=651,((F84/D84)*60)*1.8)} -> 297.35803 | AU84: =(I84*-1.2)+(J84*-1.1)+(K84*1.2)+(L84*1.3)+(M84*1.5) -> -4.1783333 | AV84: =(AS84*0.4)+(AT84*0.4)+(AU84*0.2) -> 128.60254 | AW84: =PERCENTRANK(AV:AV,AV84)*100 -> 7.4 | AX84: =_xlfn.CONCAT(TEXT(C84,"mmm"),"-",AE84) -> Nov-2019 | AY84: =ROUNDUP(Table2[[#This Row],[Month]]/3,0) -> 4
A85: 84 | B85: =COUNTIF(R:R,R85) -> 15 | C85: 43785 | D85: =SUM(Table2[[#This Row],[Gray Min]:[Red Min]]) -> 55.733333 | E85: 15 | F85: 631 | G85: 130 | H85: 168 | I85: 10.55 | J85: 9.2833333 | K85: 21.433333 | L85: 13.55 | M85: 0.91666667 | N85: 14th Street, DC | O85: 9:30AM | P85: Kara | Q85: =C85-C84 -> 1 | R85: =MONTH(C85)&"-"&YEAR(C85) -> 11-2019 | S85: Orange 3G | T85: =IF(WEEKDAY(C85)=1,"Sunday",IF(WEEKDAY(C85)=2,"Monday",IF(WEEKDAY(C85)=3,"Tuesday",IF(WEEKDAY(C85)=4,"Wednesday",IF(WEEKDAY(C85)=5,"Thursday",IF(WEEKDAY(C85)=6,"Friday","Saturday")))))) -> Saturday | U85: =IF(E85>=12,1,0) -> 1 | V85: =IFERROR(Table2[[#This Row],[Gray Min]]/Table2[[#This Row],[ClassLength]],"") -> 0.18929426 | W85: =IFERROR(Table2[[#This Row],[Blue Min]]/Table2[[#This Row],[ClassLength]],"") -> 0.16656699 | X85: =IFERROR(Table2[[#This Row],[Green Min]]/Table2[[#This Row],[ClassLength]],"") -> 0.38456938 | Y85: =IFERROR(Table2[[#This Row],[Orange Min]]/Table2[[#This Row],[ClassLength]],"") -> 0.24312201 | Z85: =IFERROR(Table2[[#This Row],[Red Min]]/Table2[[#This Row],[ClassLength]],"") -> 0.016447368 | AA85: 237.14 | AB85: =AA85/B85 -> 15.809333 | AC85: =AVERAGEIF(R:R,R85,F:F) -> 602.06667 | AD85: =AVERAGEIF(R:R,R85,E:E) -> 15.133333 | AE85: =YEAR(C85) -> 2019 | AG85: 12 | AH85: =F85/D85 -> 11.32177 | AI85: =RIGHT(O85,2) -> AM | AJ85: =R85&"-"&WEEKNUM(C85,1)-WEEKNUM(DATE(YEAR(C85),MONTH(C85),1),1)+1 -> 11-2019-3 | AK85: =MONTH(C85) -> 11 | AL85: =IFERROR(Table2[[#This Row],[Calories]]/Table2[[#This Row],[Splat]],"") -> 42.066667 | AM85: =COUNTIF(N$2:$N$938,N85) -> 48 | AN85: =VLOOKUP(N85,'Helpful Tables'!A:D,4,FALSE) -> Washington, DC | AO85: =COUNTIF(AN:AN,Table2[[#This Row],[State]])/COUNTA(AN:AN) -> 0.54904051 | AP85: =VLOOKUP(N85,'Helpful Tables'!A:B,2,FALSE) -> 38.916487 | AQ85: =VLOOKUP(N85,'Helpful Tables'!A:C,3,FALSE) -> -77.031514 | AR85: =COUNTIF(P$2:$P$938,P85) -> 5 | AS85: {=_xlfn.IFS(E85<6,((E85/D85)*60)*0.5,AND(E85>=6,E85<9),((E85/D85)*60)*0.75,AND(E85>=9,E85<=11),((E85/D85)*60)*0.9,AND(E85=12),((E85/D85)*60)*1,AND(E85>=13,E85<=15),((E85/D85)*60)*1.2,AND(E85>=16,E85<=19),((E85/D85)*60)*1.5,E85>=20,((E85/D85)*60)*1.8)} -> 19.37799 | AT85: {=_xlfn.IFS(F85<550,((F85/D85)*60)*0.5,AND(F85>=550,F85<575),((F85/D85)*60)*0.75,AND(F85>=575,F85<600),((F85/D85)*60)*0.9,AND(F85=600),((F85/D85)*60)*1,AND(F85>=601,F85<=625),((F85/D85)*60)*1.2,AND(F85>=626,F85<=650),((F85/D85)*60)*1.5,F85>=651,((F85/D85)*60)*1.8)} -> 1018.9593 | AU85: =(I85*-1.2)+(J85*-1.1)+(K85*1.2)+(L85*1.3)+(M85*1.5) -> 21.838333 | AV85: =(AS85*0.4)+(AT85*0.4)+(AU85*0.2) -> 419.70259 | AW85: =PERCENTRANK(AV:AV,AV85)*100 -> 61.5 | AX85: =_xlfn.CONCAT(TEXT(C85,"mmm"),"-",AE85) -> Nov-2019 | AY85: =ROUNDUP(Table2[[#This Row],[Month]]/3,0) -> 4
A86: 85 | B86: =COUNTIF(R:R,R86) -> 15 | C86: 43786 | D86: =SUM(Table2[[#This Row],[Gray Min]:[Red Min]]) -> 56.433333 | E86: 15 | F86: 625 | G86: 128 | H86: 168 | I86: 7.9 | J86: 18.55 | K86: 14.516667 | L86: 13.466667 | M86: 2 | N86: 14th Street, DC | O86: 9:30AM | P86: Tiffany | Q86: =C86-C85 -> 1 | R86: =MONTH(C86)&"-"&YEAR(C86) -> 11-2019 | S86: Orange 3G | T86: =IF(WEEKDAY(C86)=1,"Sunday",IF(WEEKDAY(C86)=2,"Monday",IF(WEEKDAY(C86)=3,"Tuesday",IF(WEEKDAY(C86)=4,"Wednesday",IF(WEEKDAY(C86)=5,"Thursday",IF(WEEKDAY(C86)=6,"Friday","Saturday")))))) -> Sunday | U86: =IF(E86>=12,1,0) -> 1 | V86: =IFERROR(Table2[[#This Row],[Gray Min]]/Table2[[#This Row],[ClassLength]],"") -> 0.13998819 | W86: =IFERROR(Table2[[#This Row],[Blue Min]]/Table2[[#This Row],[ClassLength]],"") -> 0.32870644 | X86: =IFERROR(Table2[[#This Row],[Green Min]]/Table2[[#This Row],[ClassLength]],"") -> 0.25723568 | Y86: =IFERROR(Table2[[#This Row],[Orange Min]]/Table2[[#This Row],[ClassLength]],"") -> 0.23862965 | Z86: =IFERROR(Table2[[#This Row],[Red Min]]/Table2[[#This Row],[ClassLength]],"") -> 0.035440047 | AA86: 237.14 | AB86: =AA86/B86 -> 15.809333 | AC86: =AVERAGEIF(R:R,R86,F:F) -> 602.06667 | AD86: =AVERAGEIF(R:R,R86,E:E) -> 15.133333 | AE86: =YEAR(C86) -> 2019 | AG86: 12 | AH86: =F86/D86 -> 11.075015 | AI86: =RIGHT(O86,2) -> AM | AJ86: =R86&"-"&WEEKNUM(C86,1)-WEEKNUM(DATE(YEAR(C86),MONTH(C86),1),1)+1 -> 11-2019-4 | AK86: =MONTH(C86) -> 11 | AL86: =IFERROR(Table2[[#This Row],[Calories]]/Table2[[#This Row],[Splat]],"") -> 41.666667 | AM86: =COUNTIF(N$2:$N$938,N86) -> 48 | AN86: =VLOOKUP(N86,'Helpful Tables'!A:D,4,FALSE) -> Washington, DC | AO86: =COUNTIF(AN:AN,Table2[[#This Row],[State]])/COUNTA(AN:AN) -> 0.54904051 | AP86: =VLOOKUP(N86,'Helpful Tables'!A:B,2,FALSE) -> 38.916487 | AQ86: =VLOOKUP(N86,'Helpful Tables'!A:C,3,FALSE) -> -77.031514 | AR86: =COUNTIF(P$2:$P$938,P86) -> 30 | AS86: {=_xlfn.IFS(E86<6,((E86/D86)*60)*0.5,AND(E86>=6,E86<9),((E86/D86)*60)*0.75,AND(E86>=9,E86<=11),((E86/D86)*60)*0.9,AND(E86=12),((E86/D86)*60)*1,AND(E86>=13,E86<=15),((E86/D86)*60)*1.2,AND(E86>=16,E86<=19),((E86/D86)*60)*1.5,E86>=20,((E86/D86)*60)*1.8)} -> 19.137626 | AT86: {=_xlfn.IFS(F86<550,((F86/D86)*60)*0.5,AND(F86>=550,F86<575),((F86/D86)*60)*0.75,AND(F86>=575,F86<600),((F86/D86)*60)*0.9,AND(F86=600),((F86/D86)*60)*1,AND(F86>=601,F86<=625),((F86/D86)*60)*1.2,AND(F86>=626,F86<=650),((F86/D86)*60)*1.5,F86>=651,((F86/D86)*60)*1.8)} -> 797.40106 | AU86: =(I86*-1.2)+(J86*-1.1)+(K86*1.2)+(L86*1.3)+(M86*1.5) -> 8.0416667 | AV86: =(AS86*0.4)+(AT86*0.4)+(AU86*0.2) -> 328.22381 | AW86: =PERCENTRANK(AV:AV,AV86)*100 -> 39.8 | AX86: =_xlfn.CONCAT(TEXT(C86,"mmm"),"-",AE86) -> Nov-2019 | AY86: =ROUNDUP(Table2[[#This Row],[Month]]/3,0) -> 4
A87: 86 | B87: =COUNTIF(R:R,R87) -> 15 | C87: 43788 | D87: =SUM(Table2[[#This Row],[Gray Min]:[Red Min]]) -> 58 | E87: 14 | F87: 595 | G87: 122 | H87: 170 | I87: 21.8 | J87: 6.85 | K87: 15.616667 | L87: 9.8333333 | M87: 3.9 | N87: Dunn Lorring, VA | O87: 4:30PM | P87: Kandace | Q87: =C87-C86 -> 2 | R87: =MONTH(C87)&"-"&YEAR(C87) -> 11-2019 | S87: Orange 3G | T87: =IF(WEEKDAY(C87)=1,"Sunday",IF(WEEKDAY(C87)=2,"Monday",IF(WEEKDAY(C87)=3,"Tuesday",IF(WEEKDAY(C87)=4,"Wednesday",IF(WEEKDAY(C87)=5,"Thursday",IF(WEEKDAY(C87)=6,"Friday","Saturday")))))) -> Tuesday | U87: =IF(E87>=12,1,0) -> 1 | V87: =IFERROR(Table2[[#This Row],[Gray Min]]/Table2[[#This Row],[ClassLength]],"") -> 0.37586207 | W87: =IFERROR(Table2[[#This Row],[Blue Min]]/Table2[[#This Row],[ClassLength]],"") -> 0.11810345 | X87: =IFERROR(Table2[[#This Row],[Green Min]]/Table2[[#This Row],[ClassLength]],"") -> 0.26925287 | Y87: =IFERROR(Table2[[#This Row],[Orange Min]]/Table2[[#This Row],[ClassLength]],"") -> 0.16954023 | Z87: =IFERROR(Table2[[#This Row],[Red Min]]/Table2[[#This Row],[ClassLength]],"") -> 0.067241379 | AA87: 237.14 | AB87: =AA87/B87 -> 15.809333 | AC87: =AVERAGEIF(R:R,R87,F:F) -> 602.06667 | AD87: =AVERAGEIF(R:R,R87,E:E) -> 15.133333 | AE87: =YEAR(C87) -> 2019 | AG87: 12 | AH87: =F87/D87 -> 10.258621 | AI87: =RIGHT(O87,2) -> PM | AJ87: =R87&"-"&WEEKNUM(C87,1)-WEEKNUM(DATE(YEAR(C87),MONTH(C87),1),1)+1 -> 11-2019-4 | AK87: =MONTH(C87) -> 11 | AL87: =IFERROR(Table2[[#This Row],[Calories]]/Table2[[#This Row],[Splat]],"") -> 42.5 | AM87: =COUNTIF(N$2:$N$938,N87) -> 35 | AN87: =VLOOKUP(N87,'Helpful Tables'!A:D,4,FALSE) -> Virginia | AO87: =COUNTIF(AN:AN,Table2[[#This Row],[State]])/COUNTA(AN:AN) -> 0.056503198 | AP87: =VLOOKUP(N87,'Helpful Tables'!A:B,2,FALSE) -> 38.881885 | AQ87: =VLOOKUP(N87,'Helpful Tables'!A:C,3,FALSE) -> -77.229702 | AR87: =COUNTIF(P$2:$P$938,P87) -> 10 | AS87: {=_xlfn.IFS(E87<6,((E87/D87)*60)*0.5,AND(E87>=6,E87<9),((E87/D87)*60)*0.75,AND(E87>=9,E87<=11),((E87/D87)*60)*0.9,AND(E87=12),((E87/D87)*60)*1,AND(E87>=13,E87<=15),((E87/D87)*60)*1.2,AND(E87>=16,E87<=19),((E87/D87)*60)*1.5,E87>=20,((E87/D87)*60)*1.8)} -> 17.37931 | AT87: {=_xlfn.IFS(F87<550,((F87/D87)*60)*0.5,AND(F87>=550,F87<575),((F87/D87)*60)*0.75,AND(F87>=575,F87<600),((F87/D87)*60)*0.9,AND(F87=600),((F87/D87)*60)*1,AND(F87>=601,F87<=625),((F87/D87)*60)*1.2,AND(F87>=626,F87<=650),((F87/D87)*60)*1.5,F87>=651,((F87/D87)*60)*1.8)} -> 553.96552 | AU87: =(I87*-1.2)+(J87*-1.1)+(K87*1.2)+(L87*1.3)+(M87*1.5) -> 3.6783333 | AV87: =(AS87*0.4)+(AT87*0.4)+(AU87*0.2) -> 229.2736 | AW87: =PERCENTRANK(AV:AV,AV87)*100 -> 19.7 | AX87: =_xlfn.CONCAT(TEXT(C87,"mmm"),"-",AE87) -> Nov-2019 | AY87: =ROUNDUP(Table2[[#This Row],[Month]]/3,0) -> 4
A88: 87 | B88: =COUNTIF(R:R,R88) -> 15 | C88: 43790 | D88: =SUM(Table2[[#This Row],[Gray Min]:[Red Min]]) -> 58 | E88: 11 | F88: 585 | G88: 121 | H88: 169 | I88: 18.75 | J88: 13.016667 | K88: 15.8 | L88: 8.8833333 | M88: 1.55 | N88: Dunn Lorring, VA | O88: 4:30PM | P88: Georgia | Q88: =C88-C87 -> 2 | R88: =MONTH(C88)&"-"&YEAR(C88) -> 11-2019 | S88: Orange 3G | T88: =IF(WEEKDAY(C88)=1,"Sunday",IF(WEEKDAY(C88)=2,"Monday",IF(WEEKDAY(C88)=3,"Tuesday",IF(WEEKDAY(C88)=4,"Wednesday",IF(WEEKDAY(C88)=5,"Thursday",IF(WEEKDAY(C88)=6,"Friday","Saturday")))))) -> Thursday | U88: =IF(E88>=12,1,0) -> 0 | V88: =IFERROR(Table2[[#This Row],[Gray Min]]/Table2[[#This Row],[ClassLength]],"") -> 0.32327586 | W88: =IFERROR(Table2[[#This Row],[Blue Min]]/Table2[[#This Row],[ClassLength]],"") -> 0.22442529 | X88: =IFERROR(Table2[[#This Row],[Green Min]]/Table2[[#This Row],[ClassLength]],"") -> 0.27241379 | Y88: =IFERROR(Table2[[#This Row],[Orange Min]]/Table2[[#This Row],[ClassLength]],"") -> 0.15316092 | Z88: =IFERROR(Table2[[#This Row],[Red Min]]/Table2[[#This Row],[ClassLength]],"") -> 0.026724138 | AA88: 237.14 | AB88: =AA88/B88 -> 15.809333 | AC88: =AVERAGEIF(R:R,R88,F:F) -> 602.06667 | AD88: =AVERAGEIF(R:R,R88,E:E) -> 15.133333 | AE88: =YEAR(C88) -> 2019 | AG88: 12 | AH88: =F88/D88 -> 10.086207 | AI88: =RIGHT(O88,2) -> PM | AJ88: =R88&"-"&WEEKNUM(C88,1)-WEEKNUM(DATE(YEAR(C88),MONTH(C88),1),1)+1 -> 11-2019-4 | AK88: =MONTH(C88) -> 11 | AL88: =IFERROR(Table2[[#This Row],[Calories]]/Table2[[#This Row],[Splat]],"") -> 53.181818 | AM88: =COUNTIF(N$2:$N$938,N88) -> 35 | AN88: =VLOOKUP(N88,'Helpful Tables'!A:D,4,FALSE) -> Virginia | AO88: =COUNTIF(AN:AN,Table2[[#This Row],[State]])/COUNTA(AN:AN) -> 0.056503198 | AP88: =VLOOKUP(N88,'Helpful Tables'!A:B,2,FALSE) -> 38.881885 | AQ88: =VLOOKUP(N88,'Helpful Tables'!A:C,3,FALSE) -> -77.229702 | AR88: =COUNTIF(P$2:$P$938,P88) -> 2 | AS88: {=_xlfn.IFS(E88<6,((E88/D88)*60)*0.5,AND(E88>=6,E88<9),((E88/D88)*60)*0.75,AND(E88>=9,E88<=11),((E88/D88)*60)*0.9,AND(E88=12),((E88/D88)*60)*1,AND(E88>=13,E88<=15),((E88/D88)*60)*1.2,AND(E88>=16,E88<=19),((E88/D88)*60)*1.5,E88>=20,((E88/D88)*60)*1.8)} -> 10.241379 | AT88: {=_xlfn.IFS(F88<550,((F88/D88)*60)*0.5,AND(F88>=550,F88<575),((F88/D88)*60)*0.75,AND(F88>=575,F88<600),((F88/D88)*60)*0.9,AND(F88=600),((F88/D88)*60)*1,AND(F88>=601,F88<=625),((F88/D88)*60)*1.2,AND(F88>=626,F88<=650),((F88/D88)*60)*1.5,F88>=651,((F88/D88)*60)*1.8)} -> 544.65517 | AU88: =(I88*-1.2)+(J88*-1.1)+(K88*1.2)+(L88*1.3)+(M88*1.5) -> -3.985 | AV88: =(AS88*0.4)+(AT88*0.4)+(AU88*0.2) -> 221.16162 | AW88: =PERCENTRANK(AV:AV,AV88)*100 -> 17.1 | AX88: =_xlfn.CONCAT(TEXT(C88,"mmm"),"-",AE88) -> Nov-2019 | AY88: =ROUNDUP(Table2[[#This Row],[Month]]/3,0) -> 4
A89: 88 | B89: =COUNTIF(R:R,R89) -> 15 | C89: 43791 | D89: =SUM(Table2[[#This Row],[Gray Min]:[Red Min]]) -> 57.016667 | E89: 16 | F89: 550 | G89: 118 | H89: 175 | I89: 26.6 | J89: 5.5333333 | K89: 9.15 | L89: 12.6 | M89: 3.1333333 | N89: 14th Street, DC | O89: 5:30PM | P89: Kara | Q89: =C89-C88 -> 1 | R89: =MONTH(C89)&"-"&YEAR(C89) -> 11-2019 | S89: Orange 60 Minute | T89: =IF(WEEKDAY(C89)=1,"Sunday",IF(WEEKDAY(C89)=2,"Monday",IF(WEEKDAY(C89)=3,"Tuesday",IF(WEEKDAY(C89)=4,"Wednesday",IF(WEEKDAY(C89)=5,"Thursday",IF(WEEKDAY(C89)=6,"Friday","Saturday")))))) -> Friday | U89: =IF(E89>=12,1,0) -> 1 | V89: =IFERROR(Table2[[#This Row],[Gray Min]]/Table2[[#This Row],[ClassLength]],"") -> 0.46653025 | W89: =IFERROR(Table2[[#This Row],[Blue Min]]/Table2[[#This Row],[ClassLength]],"") -> 0.097047647 | X89: =IFERROR(Table2[[#This Row],[Green Min]]/Table2[[#This Row],[ClassLength]],"") -> 0.16047939 | Y89: =IFERROR(Table2[[#This Row],[Orange Min]]/Table2[[#This Row],[ClassLength]],"") -> 0.22098802 | Z89: =IFERROR(Table2[[#This Row],[Red Min]]/Table2[[#This Row],[ClassLength]],"") -> 0.054954692 | AA89: 237.14 | AB89: =AA89/B89 -> 15.809333 | AC89: =AVERAGEIF(R:R,R89,F:F) -> 602.06667 | AD89: =AVERAGEIF(R:R,R89,E:E) -> 15.133333 | AE89: =YEAR(C89) -> 2019 | AG89: 12 | AH89: =F89/D89 -> 9.6463023 | AI89: =RIGHT(O89,2) -> PM | AJ89: =R89&"-"&WEEKNUM(C89,1)-WEEKNUM(DATE(YEAR(C89),MONTH(C89),1),1)+1 -> 11-2019-4 | AK89: =MONTH(C89) -> 11 | AL89: =IFERROR(Table2[[#This Row],[Calories]]/Table2[[#This Row],[Splat]],"") -> 34.375 | AM89: =COUNTIF(N$2:$N$938,N89) -> 48 | AN89: =VLOOKUP(N89,'Helpful Tables'!A:D,4,FALSE) -> Washington, DC | AO89: =COUNTIF(AN:AN,Table2[[#This Row],[State]])/COUNTA(AN:AN) -> 0.54904051 | AP89: =VLOOKUP(N89,'Helpful Tables'!A:B,2,FALSE) -> 38.916487 | AQ89: =VLOOKUP(N89,'Helpful Tables'!A:C,3,FALSE) -> -77.031514 | AR89: =COUNTIF(P$2:$P$938,P89) -> 5 | AS89: {=_xlfn.IFS(E89<6,((E89/D89)*60)*0.5,AND(E89>=6,E89<9),((E89/D89)*60)*0.75,AND(E89>=9,E89<=11),((E89/D89)*60)*0.9,AND(E89=12),((E89/D89)*60)*1,AND(E89>=13,E89<=15),((E89/D89)*60)*1.2,AND(E89>=16,E89<=19),((E89/D89)*60)*1.5,E89>=20,((E89/D89)*60)*1.8)} -> 25.255773 | AT89: {=_xlfn.IFS(F89<550,((F89/D89)*60)*0.5,AND(F89>=550,F89<575),((F89/D89)*60)*0.75,AND(F89>=575,F89<600),((F89/D89)*60)*0.9,AND(F89=600),((F89/D89)*60)*1,AND(F89>=601,F89<=625),((F89/D89)*60)*1.2,AND(F89>=626,F89<=650),((F89/D89)*60)*1.5,F89>=651,((F89/D89)*60)*1.8)} -> 434.0836 | AU89: =(I89*-1.2)+(J89*-1.1)+(K89*1.2)+(L89*1.3)+(M89*1.5) -> -5.9466667 | AV89: =(AS89*0.4)+(AT89*0.4)+(AU89*0.2) -> 182.54642 | AW89: =PERCENTRANK(AV:AV,AV89)*100 -> 11.1 | AX89: =_xlfn.CONCAT(TEXT(C89,"mmm"),"-",AE89) -> Nov-2019 | AY89: =ROUNDUP(Table2[[#This Row],[Month]]/3,0) -> 4
... A91: 90 | B91: =COUNTIF(R:R,R91) -> 15 | C91: 43796 | D91: =SUM(Table2[[#This Row],[Gray Min]:[Red Min]]) -> 56.65 | E91: 12 | F91: 613 | G91: 126 | H91: 172 | I91: 9.9333333 | J91: 18.4 | K91: 16.2 | L91: 6.8666667 | M91: 5.25 | N91: Jersey City, NJ | O91: 9:15AM | P91: Herlentz | Q91: =C91-C90 -> 4 | R91: =MONTH(C91)&"-"&YEAR(C91) -> 11-2019 | S91: Orange 60 | T91: =IF(WEEKDAY(C91)=1,"Sunday",IF(WEEKDAY(C91)=2,"Monday",IF(WEEKDAY(C91)=3,"Tuesday",IF(WEEKDAY(C91)=4,"Wednesday",IF(WEEKDAY(C91)=5,"Thursday",IF(WEEKDAY(C91)=6,"Friday","Saturday")))))) -> Wednesday | U91: =IF(E91>=12,1,0) -> 1 | V91: =IFERROR(Table2[[#This Row],[Gray Min]]/Table2[[#This Row],[ClassLength]],"") -> 0.17534569 | W91: =IFERROR(Table2[[#This Row],[Blue Min]]/Table2[[#This Row],[ClassLength]],"") -> 0.32480141 | X91: =IFERROR(Table2[[#This Row],[Green Min]]/Table2[[#This Row],[ClassLength]],"") -> 0.28596646 | Y91: =IFERROR(Table2[[#This Row],[Orange Min]]/Table2[[#This Row],[ClassLength]],"") -> 0.12121212 | Z91: =IFERROR(Table2[[#This Row],[Red Min]]/Table2[[#This Row],[ClassLength]],"") -> 0.092674316 | AA91: 237.14 | AB91: =AA91/B91 -> 15.809333 | AC91: =AVERAGEIF(R:R,R91,F:F) -> 602.06667 | AD91: =AVERAGEIF(R:R,R91,E:E) -> 15.133333 | AE91: =YEAR(C91) -> 2019 | AG91: 12 | AH91: =F91/D91 -> 10.82083 | AI91: =RIGHT(O91,2) -> AM | AJ91: =R91&"-"&WEEKNUM(C91,1)-WEEKNUM(DATE(YEAR(C91),MONTH(C91),1),1)+1 -> 11-2019-5 | AK91: =MONTH(C91) -> 11 | AL91: =IFERROR(Table2[[#This Row],[Calories]]/Table2[[#This Row],[Splat]],"") -> 51.083333 | AM91: =COUNTIF(N$2:$N$938,N91) -> 2 | AN91: =VLOOKUP(N91,'Helpful Tables'!A:D,4,FALSE) -> New Jersey | AO91: =COUNTIF(AN:AN,Table2[[#This Row],[State]])/COUNTA(AN:AN) -> 0.0021321962 | AP91: =VLOOKUP(N91,'Helpful Tables'!A:B,2,FALSE) -> 40.724211 | AQ91: =VLOOKUP(N91,'Helpful Tables'!A:C,3,FALSE) -> -74.036191 | AR91: =COUNTIF(P$2:$P$938,P91) -> 2 | AS91: {=_xlfn.IFS(E91<6,((E91/D91)*60)*0.5,AND(E91>=6,E91<9),((E91/D91)*60)*0.75,AND(E91>=9,E91<=11),((E91/D91)*60)*0.9,AND(E91=12),((E91/D91)*60)*1,AND(E91>=13,E91<=15),((E91/D91)*60)*1.2,AND(E91>=16,E91<=19),((E91/D91)*60)*1.5,E91>=20,((E91/D91)*60)*1.8)} -> 12.70962 | AT91: {=_xlfn.IFS(F91<550,((F91/D91)*60)*0.5,AND(F91>=550,F91<575),((F91/D91)*60)*0.75,AND(F91>=575,F91<600),((F91/D91)*60)*0.9,AND(F91=600),((F91/D91)*60)*1,AND(F91>=601,F91<=625),((F91/D91)*60)*1.2,AND(F91>=626,F91<=650),((F91/D91)*60)*1.5,F91>=651,((F91/D91)*60)*1.8)} -> 779.09974 | AU91: =(I91*-1.2)+(J91*-1.1)+(K91*1.2)+(L91*1.3)+(M91*1.5) -> 4.0816667 | AV91: =(AS91*0.4)+(AT91*0.4)+(AU91*0.2) -> 317.54008 | AW91: =PERCENTRANK(AV:AV,AV91)*100 -> 35.4 | AX91: =_xlfn.CONCAT(TEXT(C91,"mmm"),"-",AE91) -> Nov-2019 | AY91: =ROUNDUP(Table2[[#This Row],[Month]]/3,0) -> 4
A92: 91 | B92: =COUNTIF(R:R,R92) -> 15 | C92: 43797 | D92: =SUM(Table2[[#This Row],[Gray Min]:[Red Min]]) -> 56.633333 | E92: 16 | F92: 646 | G92: 130 | H92: 168 | I92: 7.2833333 | J92: 15.1 | K92: 18.5 | L92: 11.716667 | M92: 4.0333333 | N92: Jersey City, NJ | O92: 8:15AM | P92: Herlentz | Q92: =C92-C91 -> 1 | R92: =MONTH(C92)&"-"&YEAR(C92) -> 11-2019 | S92: Orange 3G | T92: =IF(WEEKDAY(C92)=1,"Sunday",IF(WEEKDAY(C92)=2,"Monday",IF(WEEKDAY(C92)=3,"Tuesday",IF(WEEKDAY(C92)=4,"Wednesday",IF(WEEKDAY(C92)=5,"Thursday",IF(WEEKDAY(C92)=6,"Friday","Saturday")))))) -> Thursday | U92: =IF(E92>=12,1,0) -> 1 | V92: =IFERROR(Table2[[#This Row],[Gray Min]]/Table2[[#This Row],[ClassLength]],"") -> 0.12860506 | W92: =IFERROR(Table2[[#This Row],[Blue Min]]/Table2[[#This Row],[ClassLength]],"") -> 0.26662743 | X92: =IFERROR(Table2[[#This Row],[Green Min]]/Table2[[#This Row],[ClassLength]],"") -> 0.32666274 | Y92: =IFERROR(Table2[[#This Row],[Orange Min]]/Table2[[#This Row],[ClassLength]],"") -> 0.2068864 | Z92: =IFERROR(Table2[[#This Row],[Red Min]]/Table2[[#This Row],[ClassLength]],"") -> 0.071218364 | AA92: 237.14 | AB92: =AA92/B92 -> 15.809333 | AC92: =AVERAGEIF(R:R,R92,F:F) -> 602.06667 | AD92: =AVERAGEIF(R:R,R92,E:E) -> 15.133333 | AE92: =YEAR(C92) -> 2019 | AF92: 5 | AG92: 12 | AH92: =F92/D92 -> 11.40671 | AI92: =RIGHT(O92,2) -> AM | AJ92: =R92&"-"&WEEKNUM(C92,1)-WEEKNUM(DATE(YEAR(C92),MONTH(C92),1),1)+1 -> 11-2019-5 | AK92: =MONTH(C92) -> 11 | AL92: =IFERROR(Table2[[#This Row],[Calories]]/Table2[[#This Row],[Splat]],"") -> 40.375 | AM92: =COUNTIF(N$2:$N$938,N92) -> 2 | AN92: =VLOOKUP(N92,'Helpful Tables'!A:D,4,FALSE) -> New Jersey | AO92: =COUNTIF(AN:AN,Table2[[#This Row],[State]])/COUNTA(AN:AN) -> 0.0021321962 | AP92: =VLOOKUP(N92,'Helpful Tables'!A:B,2,FALSE) -> 40.724211 | AQ92: =VLOOKUP(N92,'Helpful Tables'!A:C,3,FALSE) -> -74.036191 | AR92: =COUNTIF(P$2:$P$938,P92) -> 2 | AS92: {=_xlfn.IFS(E92<6,((E92/D92)*60)*0.5,AND(E92>=6,E92<9),((E92/D92)*60)*0.75,AND(E92>=9,E92<=11),((E92/D92)*60)*0.9,AND(E92=12),((E92/D92)*60)*1,AND(E92>=13,E92<=15),((E92/D92)*60)*1.2,AND(E92>=16,E92<=19),((E92/D92)*60)*1.5,E92>=20,((E92/D92)*60)*1.8)} -> 25.426722 | AT92: {=_xlfn.IFS(F92<550,((F92/D92)*60)*0.5,AND(F92>=550,F92<575),((F92/D92)*60)*0.75,AND(F92>=575,F92<600),((F92/D92)*60)*0.9,AND(F92=600),((F92/D92)*60)*1,AND(F92>=601,F92<=625),((F92/D92)*60)*1.2,AND(F92>=626,F92<=650),((F92/D92)*60)*1.5,F92>=651,((F92/D92)*60)*1.8)} -> 1026.6039 | AU92: =(I92*-1.2)+(J92*-1.1)+(K92*1.2)+(L92*1.3)+(M92*1.5) -> 18.131667 | AV92: =(AS92*0.4)+(AT92*0.4)+(AU92*0.2) -> 424.43858 | AW92: =PERCENTRANK(AV:AV,AV92)*100 -> 63.3 | AX92: =_xlfn.CONCAT(TEXT(C92,"mmm"),"-",AE92) -> Nov-2019 | AY92: =ROUNDUP(Table2[[#This Row],[Month]]/3,0) -> 4
A93: 92 | B93: =COUNTIF(R:R,R93) -> 14 | C93: 43800 | D93: =SUM(Table2[[#This Row],[Gray Min]:[Red Min]]) -> 56.183333 | E93: 15 | F93: 601 | G93: 125 | H93: 170 | I93: 13.733333 | J93: 15.866667 | K93: 11.633333 | L93: 12.416667 | M93: 2.5333333 | N93: 14th Street, DC | O93: 8:30AM | P93: Tiffany | Q93: =C93-C92 -> 3 | R93: =MONTH(C93)&"-"&YEAR(C93) -> 12-2019 | S93: Orange 60 Minute | T93: =IF(WEEKDAY(C93)=1,"Sunday",IF(WEEKDAY(C93)=2,"Monday",IF(WEEKDAY(C93)=3,"Tuesday",IF(WEEKDAY(C93)=4,"Wednesday",IF(WEEKDAY(C93)=5,"Thursday",IF(WEEKDAY(C93)=6,"Friday","Saturday")))))) -> Sunday | U93: =IF(E93>=12,1,0) -> 1 | V93: =IFERROR(Table2[[#This Row],[Gray Min]]/Table2[[#This Row],[ClassLength]],"") -> 0.24443785 | W93: =IFERROR(Table2[[#This Row],[Blue Min]]/Table2[[#This Row],[ClassLength]],"") -> 0.28240878 | X93: =IFERROR(Table2[[#This Row],[Green Min]]/Table2[[#This Row],[ClassLength]],"") -> 0.20706022 | Y93: =IFERROR(Table2[[#This Row],[Orange Min]]/Table2[[#This Row],[ClassLength]],"") -> 0.22100267 | Z93: =IFERROR(Table2[[#This Row],[Red Min]]/Table2[[#This Row],[ClassLength]],"") -> 0.045090478 | AA93: 232.14 | AB93: =AA93/B93 -> 16.581429 | AC93: =AVERAGEIF(R:R,R93,F:F) -> 626.71429 | AD93: =AVERAGEIF(R:R,R93,E:E) -> 15.071429 | AE93: =YEAR(C93) -> 2019 | AG93: 12 | AH93: =F93/D93 -> 10.697123 | AI93: =RIGHT(O93,2) -> AM | AJ93: =R93&"-"&WEEKNUM(C93,1)-WEEKNUM(DATE(YEAR(C93),MONTH(C93),1),1)+1 -> 12-2019-1 | AK93: =MONTH(C93) -> 12 | AL93: =IFERROR(Table2[[#This Row],[Calories]]/Table2[[#This Row],[Splat]],"") -> 40.066667 | AM93: =COUNTIF(N$2:$N$938,N93) -> 48 | AN93: =VLOOKUP(N93,'Helpful Tables'!A:D,4,FALSE) -> Washington, DC | AO93: =COUNTIF(AN:AN,Table2[[#This Row],[State]])/COUNTA(AN:AN) -> 0.54904051 | AP93: =VLOOKUP(N93,'Helpful Tables'!A:B,2,FALSE) -> 38.916487 | AQ93: =VLOOKUP(N93,'Helpful Tables'!A:C,3,FALSE) -> -77.031514 | AR93: =COUNTIF(P$2:$P$938,P93) -> 30 | AS93: {=_xlfn.IFS(E93<6,((E93/D93)*60)*0.5,AND(E93>=6,E93<9),((E93/D93)*60)*0.75,AND(E93>=9,E93<=11),((E93/D93)*60)*0.9,AND(E93=12),((E93/D93)*60)*1,AND(E93>=13,E93<=15),((E93/D93)*60)*1.2,AND(E93>=16,E93<=19),((E93/D93)*60)*1.5,E93>=20,((E93/D93)*60)*1.8)} -> 19.222783 | AT93: {=_xlfn.IFS(F93<550,((F93/D93)*60)*0.5,AND(F93>=550,F93<575),((F93/D93)*60)*0.75,AND(F93>=575,F93<600),((F93/D93)*60)*0.9,AND(F93=600),((F93/D93)*60)*1,AND(F93>=601,F93<=625),((F93/D93)*60)*1.2,AND(F93>=626,F93<=650),((F93/D93)*60)*1.5,F93>=651,((F93/D93)*60)*1.8)} -> 770.19282 | AU93: =(I93*-1.2)+(J93*-1.1)+(K93*1.2)+(L93*1.3)+(M93*1.5) -> -0.031666667 | AV93: =(AS93*0.4)+(AT93*0.4)+(AU93*0.2) -> 315.75991 | AW93: =PERCENTRANK(AV:AV,AV93)*100 -> 34.5 | AX93: =_xlfn.CONCAT(TEXT(C93,"mmm"),"-",AE93) -> Dec-2019 | AY93: =ROUNDUP(Table2[[#This Row],[Month]]/3,0) -> 4
A94: 93 | B94: =COUNTIF(R:R,R94) -> 14 | C94: 43801 | D94: =SUM(Table2[[#This Row],[Gray Min]:[Red Min]]) -> 58.633333 | E94: 10 | F94: 676 | G94: 131 | H94: 165 | I94: 7.6 | J94: 11.3 | K94: 29.183333 | L94: 9.4666667 | M94: 1.0833333 | N94: Foggy Bottom, DC | O94: 4:30PM | P94: Marcus | Q94: =C94-C93 -> 1 | R94: =MONTH(C94)&"-"&YEAR(C94) -> 12-2019 | S94: Orange 60 | T94: =IF(WEEKDAY(C94)=1,"Sunday",IF(WEEKDAY(C94)=2,"Monday",IF(WEEKDAY(C94)=3,"Tuesday",IF(WEEKDAY(C94)=4,"Wednesday",IF(WEEKDAY(C94)=5,"Thursday",IF(WEEKDAY(C94)=6,"Friday","Saturday")))))) -> Monday | U94: =IF(E94>=12,1,0) -> 0 | V94: =IFERROR(Table2[[#This Row],[Gray Min]]/Table2[[#This Row],[ClassLength]],"") -> 0.1296191 | W94: =IFERROR(Table2[[#This Row],[Blue Min]]/Table2[[#This Row],[ClassLength]],"") -> 0.19272314 | X94: =IFERROR(Table2[[#This Row],[Green Min]]/Table2[[#This Row],[ClassLength]],"") -> 0.49772598 | Y94: =IFERROR(Table2[[#This Row],[Orange Min]]/Table2[[#This Row],[ClassLength]],"") -> 0.16145537 | Z94: =IFERROR(Table2[[#This Row],[Red Min]]/Table2[[#This Row],[ClassLength]],"") -> 0.018476407 | AA94: 232.14 | AB94: =AA94/B94 -> 16.581429 | AC94: =AVERAGEIF(R:R,R94,F:F) -> 626.71429 | AD94: =AVERAGEIF(R:R,R94,E:E) -> 15.071429 | AE94: =YEAR(C94) -> 2019 | AG94: 12 | AH94: =F94/D94 -> 11.529278 | AI94: =RIGHT(O94,2) -> PM | AJ94: =R94&"-"&WEEKNUM(C94,1)-WEEKNUM(DATE(YEAR(C94),MONTH(C94),1),1)+1 -> 12-2019-1 | AK94: =MONTH(C94) -> 12 | AL94: =IFERROR(Table2[[#This Row],[Calories]]/Table2[[#This Row],[Splat]],"") -> 67.6 | AM94: =COUNTIF(N$2:$N$938,N94) -> 38 | AN94: =VLOOKUP(N94,'Helpful Tables'!A:D,4,FALSE) -> Washington, DC | AO94: =COUNTIF(AN:AN,Table2[[#This Row],[State]])/COUNTA(AN:AN) -> 0.54904051 | AP94: =VLOOKUP(N94,'Helpful Tables'!A:B,2,FALSE) -> 38.90351 | AQ94: =VLOOKUP(N94,'Helpful Tables'!A:C,3,FALSE) -> -77.051809 | AR94: =COUNTIF(P$2:$P$938,P94) -> 8 | AS94: {=_xlfn.IFS(E94<6,((E94/D94)*60)*0.5,AND(E94>=6,E94<9),((E94/D94)*60)*0.75,AND(E94>=9,E94<=11),((E94/D94)*60)*0.9,AND(E94=12),((E94/D94)*60)*1,AND(E94>=13,E94<=15),((E94/D94)*60)*1.2,AND(E94>=16,E94<=19),((E94/D94)*60)*1.5,E94>=20,((E94/D94)*60)*1.8)} -> 9.2097783 | AT94: {=_xlfn.IFS(F94<550,((F94/D94)*60)*0.5,AND(F94>=550,F94<575),((F94/D94)*60)*0.75,AND(F94>=575,F94<600),((F94/D94)*60)*0.9,AND(F94=600),((F94/D94)*60)*1,AND(F94>=601,F94<=625),((F94/D94)*60)*1.2,AND(F94>=626,F94<=650),((F94/D94)*60)*1.5,F94>=651,((F94/D94)*60)*1.8)} -> 1245.162 | AU94: =(I94*-1.2)+(J94*-1.1)+(K94*1.2)+(L94*1.3)+(M94*1.5) -> 27.401667 | AV94: =(AS94*0.4)+(AT94*0.4)+(AU94*0.2) -> 507.22905 | AW94: =PERCENTRANK(AV:AV,AV94)*100 -> 83.9 | AX94: =_xlfn.CONCAT(TEXT(C94,"mmm"),"-",AE94) -> Dec-2019 | AY94: =ROUNDUP(Table2[[#This Row],[Month]]/3,0) -> 4
A95: 94 | B95: =COUNTIF(R:R,R95) -> 14 | C95: 43803 | D95: =SUM(Table2[[#This Row],[Gray Min]:[Red Min]]) -> 56.3 | E95: 23 | F95: 610 | G95: 126 | H95: 173 | I95: 20.833333 | J95: 6.25 | K95: 6.4166667 | L95: 17.233333 | M95: 5.5666667 | N95: Foggy Bottom, DC | O95: 4:30PM | P95: Damani | Q95: =C95-C94 -> 2 | R95: =MONTH(C95)&"-"&YEAR(C95) -> 12-2019 | S95: Orange 60 | T95: =IF(WEEKDAY(C95)=1,"Sunday",IF(WEEKDAY(C95)=2,"Monday",IF(WEEKDAY(C95)=3,"Tuesday",IF(WEEKDAY(C95)=4,"Wednesday",IF(WEEKDAY(C95)=5,"Thursday",IF(WEEKDAY(C95)=6,"Friday","Saturday")))))) -> Wednesday | U95: =IF(E95>=12,1,0) -> 1 | V95: =IFERROR(Table2[[#This Row],[Gray Min]]/Table2[[#This Row],[ClassLength]],"") -> 0.37004144 | W95: =IFERROR(Table2[[#This Row],[Blue Min]]/Table2[[#This Row],[ClassLength]],"") -> 0.11101243 | X95: =IFERROR(Table2[[#This Row],[Green Min]]/Table2[[#This Row],[ClassLength]],"") -> 0.11397276 | Y95: =IFERROR(Table2[[#This Row],[Orange Min]]/Table2[[#This Row],[ClassLength]],"") -> 0.30609828 | Z95: =IFERROR(Table2[[#This Row],[Red Min]]/Table2[[#This Row],[ClassLength]],"") -> 0.098875074 | AA95: 232.14 | AB95: =AA95/B95 -> 16.581429 | AC95: =AVERAGEIF(R:R,R95,F:F) -> 626.71429 | AD95: =AVERAGEIF(R:R,R95,E:E) -> 15.071429 | AE95: =YEAR(C95) -> 2019 | AG95: 12 | AH95: =F95/D95 -> 10.834813 | AI95: =RIGHT(O95,2) -> PM | AJ95: =R95&"-"&WEEKNUM(C95,1)-WEEKNUM(DATE(YEAR(C95),MONTH(C95),1),1)+1 -> 12-2019-1 | AK95: =MONTH(C95) -> 12 | AL95: =IFERROR(Table2[[#This Row],[Calories]]/Table2[[#This Row],[Splat]],"") -> 26.521739 | AM95: =COUNTIF(N$2:$N$938,N95) -> 38 | AN95: =VLOOKUP(N95,'Helpful Tables'!A:D,4,FALSE) -> Washington, DC | AO95: =COUNTIF(AN:AN,Table2[[#This Row],[State]])/COUNTA(AN:AN) -> 0.54904051 | AP95: =VLOOKUP(N95,'Helpful Tables'!A:B,2,FALSE) -> 38.90351 | AQ95: =VLOOKUP(N95,'Helpful Tables'!A:C,3,FALSE) -> -77.051809 | AR95: =COUNTIF(P$2:$P$938,P95) -> 20 | AS95: {=_xlfn.IFS(E95<6,((E95/D95)*60)*0.5,AND(E95>=6,E95<9),((E95/D95)*60)*0.75,AND(E95>=9,E95<=11),((E95/D95)*60)*0.9,AND(E95=12),((E95/D95)*60)*1,AND(E95>=13,E95<=15),((E95/D95)*60)*1.2,AND(E95>=16,E95<=19),((E95/D95)*60)*1.5,E95>=20,((E95/D95)*60)*1.8)} -> 44.120782 | AT95: {=_xlfn.IFS(F95<550,((F95/D95)*60)*0.5,AND(F95>=550,F95<575),((F95/D95)*60)*0.75,AND(F95>=575,F95<600),((F95/D95)*60)*0.9,AND(F95=600),((F95/D95)*60)*1,AND(F95>=601,F95<=625),((F95/D95)*60)*1.2,AND(F95>=626,F95<=650),((F95/D95)*60)*1.5,F95>=651,((F95/D95)*60)*1.8)} -> 780.10657 | AU95: =(I95*-1.2)+(J95*-1.1)+(K95*1.2)+(L95*1.3)+(M95*1.5) -> 6.5783333 | AV95: =(AS95*0.4)+(AT95*0.4)+(AU95*0.2) -> 331.00661 | AW95: =PERCENTRANK(AV:AV,AV95)*100 -> 40.6 | AX95: =_xlfn.CONCAT(TEXT(C95,"mmm"),"-",AE95) -> Dec-2019 | AY95: =ROUNDUP(Table2[[#This Row],[Month]]/3,0) -> 4
A96: 95 | B96: =COUNTIF(R:R,R96) -> 14 | C96: 43804 | D96: =SUM(Table2[[#This Row],[Gray Min]:[Red Min]]) -> 56.9 | E96: 16 | F96: 678 | G96: 134 | H96: 167 | I96: 6.2 | J96: 5.6833333 | K96: 29.016667 | L96: 13.9 | M96: 2.1 | N96: Thomas Circle, DC | O96: 5:30PM | P96: Micha | Q96: =C96-C95 -> 1 | R96: =MONTH(C96)&"-"&YEAR(C96) -> 12-2019 | S96: Orange 60 Minute | T96: =IF(WEEKDAY(C96)=1,"Sunday",IF(WEEKDAY(C96)=2,"Monday",IF(WEEKDAY(C96)=3,"Tuesday",IF(WEEKDAY(C96)=4,"Wednesday",IF(WEEKDAY(C96)=5,"Thursday",IF(WEEKDAY(C96)=6,"Friday","Saturday")))))) -> Thursday | U96: =IF(E96>=12,1,0) -> 1 | V96: =IFERROR(Table2[[#This Row],[Gray Min]]/Table2[[#This Row],[ClassLength]],"") -> 0.10896309 | W96: =IFERROR(Table2[[#This Row],[Blue Min]]/Table2[[#This Row],[ClassLength]],"") -> 0.099882835 | X96: =IFERROR(Table2[[#This Row],[Green Min]]/Table2[[#This Row],[ClassLength]],"") -> 0.50995899 | Y96: =IFERROR(Table2[[#This Row],[Orange Min]]/Table2[[#This Row],[ClassLength]],"") -> 0.24428822 | Z96: =IFERROR(Table2[[#This Row],[Red Min]]/Table2[[#This Row],[ClassLength]],"") -> 0.036906854 | AA96: 232.14 | AB96: =AA96/B96 -> 16.581429 | AC96: =AVERAGEIF(R:R,R96,F:F) -> 626.71429 | AD96: =AVERAGEIF(R:R,R96,E:E) -> 15.071429 | AE96: =YEAR(C96) -> 2019 | AG96: 12 | AH96: =F96/D96 -> 11.915641 | AI96: =RIGHT(O96,2) -> PM | AJ96: =R96&"-"&WEEKNUM(C96,1)-WEEKNUM(DATE(YEAR(C96),MONTH(C96),1),1)+1 -> 12-2019-1 | AK96: =MONTH(C96) -> 12 | AL96: =IFERROR(Table2[[#This Row],[Calories]]/Table2[[#This Row],[Splat]],"") -> 42.375 | AM96: =COUNTIF(N$2:$N$938,N96) -> 3 | AN96: =VLOOKUP(N96,'Helpful Tables'!A:D,4,FALSE) -> Washington, DC | AO96: =COUNTIF(AN:AN,Table2[[#This Row],[State]])/COUNTA(AN:AN) -> 0.54904051 | AP96: =VLOOKUP(N96,'Helpful Tables'!A:B,2,FALSE) -> 38.904281 | AQ96: =VLOOKUP(N96,'Helpful Tables'!A:C,3,FALSE) -> -77.031495 | AR96: =COUNTIF(P$2:$P$938,P96) -> 1 | AS96: {=_xlfn.IFS(E96<6,((E96/D96)*60)*0.5,AND(E96>=6,E96<9),((E96/D96)*60)*0.75,AND(E96>=9,E96<=11),((E96/D96)*60)*0.9,AND(E96=12),((E96/D96)*60)*1,AND(E96>=13,E96<=15),((E96/D96)*60)*1.2,AND(E96>=16,E96<=19),((E96/D96)*60)*1.5,E96>=20,((E96/D96)*60)*1.8)} -> 25.307557 | AT96: {=_xlfn.IFS(F96<550,((F96/D96)*60)*0.5,AND(F96>=550,F96<575),((F96/D96)*60)*0.75,AND(F96>=575,F96<600),((F96/D96)*60)*0.9,AND(F96=600),((F96/D96)*60)*1,AND(F96>=601,F96<=625),((F96/D96)*60)*1.2,AND(F96>=626,F96<=650),((F96/D96)*60)*1.5,F96>=651,((F96/D96)*60)*1.8)} -> 1286.8893 | AU96: =(I96*-1.2)+(J96*-1.1)+(K96*1.2)+(L96*1.3)+(M96*1.5) -> 42.348333 | AV96: =(AS96*0.4)+(AT96*0.4)+(AU96*0.2) -> 533.3484 | AW96: =PERCENTRANK(AV:AV,AV96)*100 -> 94.7 | AX96: =_xlfn.CONCAT(TEXT(C96,"mmm"),"-",AE96) -> Dec-2019 | AY96: =ROUNDUP(Table2[[#This Row],[Month]]/3,0) -> 4
A97: 96 | B97: =COUNTIF(R:R,R97) -> 14 | C97: 43806 | D97: =SUM(Table2[[#This Row],[Gray Min]:[Red Min]]) -> 55.266667 | E97: 13 | F97: 605 | G97: 127 | H97: 166 | I97: 7.9166667 | J97: 18.85 | K97: 15.783333 | L97: 10.816667 | M97: 1.9 | N97: 14th Street, DC | O97: 8:30AM | P97: Tiffany | Q97: =C97-C96 -> 2 | R97: =MONTH(C97)&"-"&YEAR(C97) -> 12-2019 | S97: Orange 3G | T97: =IF(WEEKDAY(C97)=1,"Sunday",IF(WEEKDAY(C97)=2,"Monday",IF(WEEKDAY(C97)=3,"Tuesday",IF(WEEKDAY(C97)=4,"Wednesday",IF(WEEKDAY(C97)=5,"Thursday",IF(WEEKDAY(C97)=6,"Friday","Saturday")))))) -> Saturday | U97: =IF(E97>=12,1,0) -> 1 | V97: =IFERROR(Table2[[#This Row],[Gray Min]]/Table2[[#This Row],[ClassLength]],"") -> 0.14324487 | W97: =IFERROR(Table2[[#This Row],[Blue Min]]/Table2[[#This Row],[ClassLength]],"") -> 0.34107358 | X97: =IFERROR(Table2[[#This Row],[Green Min]]/Table2[[#This Row],[ClassLength]],"") -> 0.28558504 | Y97: =IFERROR(Table2[[#This Row],[Orange Min]]/Table2[[#This Row],[ClassLength]],"") -> 0.19571773 | Z97: =IFERROR(Table2[[#This Row],[Red Min]]/Table2[[#This Row],[ClassLength]],"") -> 0.03437877 | AA97: 232.14 | AB97: =AA97/B97 -> 16.581429 | AC97: =AVERAGEIF(R:R,R97,F:F) -> 626.71429 | AD97: =AVERAGEIF(R:R,R97,E:E) -> 15.071429 | AE97: =YEAR(C97) -> 2019 | AG97: 12 | AH97: =F97/D97 -> 10.946924 | AI97: =RIGHT(O97,2) -> AM | AJ97: =R97&"-"&WEEKNUM(C97,1)-WEEKNUM(DATE(YEAR(C97),MONTH(C97),1),1)+1 -> 12-2019-1 | AK97: =MONTH(C97) -> 12 | AL97: =IFERROR(Table2[[#This Row],[Calories]]/Table2[[#This Row],[Splat]],"") -> 46.538462 | AM97: =COUNTIF(N$2:$N$938,N97) -> 48 | AN97: =VLOOKUP(N97,'Helpful Tables'!A:D,4,FALSE) -> Washington, DC | AO97: =COUNTIF(AN:AN,Table2[[#This Row],[State]])/COUNTA(AN:AN) -> 0.54904051 | AP97: =VLOOKUP(N97,'Helpful Tables'!A:B,2,FALSE) -> 38.916487 | AQ97: =VLOOKUP(N97,'Helpful Tables'!A:C,3,FALSE) -> -77.031514 | AR97: =COUNTIF(P$2:$P$938,P97) -> 30 | AS97: {=_xlfn.IFS(E97<6,((E97/D97)*60)*0.5,AND(E97>=6,E97<9),((E97/D97)*60)*0.75,AND(E97>=9,E97<=11),((E97/D97)*60)*0.9,AND(E97=12),((E97/D97)*60)*1,AND(E97>=13,E97<=15),((E97/D97)*60)*1.2,AND(E97>=16,E97<=19),((E97/D97)*60)*1.5,E97>=20,((E97/D97)*60)*1.8)} -> 16.936068 | AT97: {=_xlfn.IFS(F97<550,((F97/D97)*60)*0.5,AND(F97>=550,F97<575),((F97/D97)*60)*0.75,AND(F97>=575,F97<600),((F97/D97)*60)*0.9,AND(F97=600),((F97/D97)*60)*1,AND(F97>=601,F97<=625),((F97/D97)*60)*1.2,AND(F97>=626,F97<=650),((F97/D97)*60)*1.5,F97>=651,((F97/D97)*60)*1.8)} -> 788.17853 | AU97: =(I97*-1.2)+(J97*-1.1)+(K97*1.2)+(L97*1.3)+(M97*1.5) -> 5.6166667 | AV97: =(AS97*0.4)+(AT97*0.4)+(AU97*0.2) -> 323.16917 | AW97: =PERCENTRANK(AV:AV,AV97)*100 -> 38.3 | AX97: =_xlfn.CONCAT(TEXT(C97,"mmm"),"-",AE97) -> Dec-2019 | AY97: =ROUNDUP(Table2[[#This Row],[Month]]/3,0) -> 4
A98: 97 | B98: =COUNTIF(R:R,R98) -> 14 | C98: 43808 | D98: =SUM(Table2[[#This Row],[Gray Min]:[Red Min]]) -> 59.35 | E98: 13 | F98: 553 | G98: 116 | H98: 162 | I98: 31.083333 | J98: 3.3833333 | K98: 11.95 | L98: 12.883333 | M98: 0.05 | N98: Foggy Bottom, DC | O98: 4:30PM | P98: Marcus | Q98: =C98-C97 -> 2 | R98: =MONTH(C98)&"-"&YEAR(C98) -> 12-2019 | S98: Orange 60 | T98: =IF(WEEKDAY(C98)=1,"Sunday",IF(WEEKDAY(C98)=2,"Monday",IF(WEEKDAY(C98)=3,"Tuesday",IF(WEEKDAY(C98)=4,"Wednesday",IF(WEEKDAY(C98)=5,"Thursday",IF(WEEKDAY(C98)=6,"Friday","Saturday")))))) -> Monday | U98: =IF(E98>=12,1,0) -> 1 | V98: =IFERROR(Table2[[#This Row],[Gray Min]]/Table2[[#This Row],[ClassLength]],"") -> 0.52372929 | W98: =IFERROR(Table2[[#This Row],[Blue Min]]/Table2[[#This Row],[ClassLength]],"") -> 0.057006459 | X98: =IFERROR(Table2[[#This Row],[Green Min]]/Table2[[#This Row],[ClassLength]],"") -> 0.20134794 | Y98: =IFERROR(Table2[[#This Row],[Orange Min]]/Table2[[#This Row],[ClassLength]],"") -> 0.21707386 | Z98: =IFERROR(Table2[[#This Row],[Red Min]]/Table2[[#This Row],[ClassLength]],"") -> 0.00084245998 | AA98: 232.14 | AB98: =AA98/B98 -> 16.581429 | AC98: =AVERAGEIF(R:R,R98,F:F) -> 626.71429 | AD98: =AVERAGEIF(R:R,R98,E:E) -> 15.071429 | AE98: =YEAR(C98) -> 2019 | AG98: 12 | AH98: =F98/D98 -> 9.3176074 | AI98: =RIGHT(O98,2) -> PM | AJ98: =R98&"-"&WEEKNUM(C98,1)-WEEKNUM(DATE(YEAR(C98),MONTH(C98),1),1)+1 -> 12-2019-2 | AK98: =MONTH(C98) -> 12 | AL98: =IFERROR(Table2[[#This Row],[Calories]]/Table2[[#This Row],[Splat]],"") -> 42.538462 | AM98: =COUNTIF(N$2:$N$938,N98) -> 38 | AN98: =VLOOKUP(N98,'Helpful Tables'!A:D,4,FALSE) -> Washington, DC | AO98: =COUNTIF(AN:AN,Table2[[#This Row],[State]])/COUNTA(AN:AN) -> 0.54904051 | AP98: =VLOOKUP(N98,'Helpful Tables'!A:B,2,FALSE) -> 38.90351 | AQ98: =VLOOKUP(N98,'Helpful Tables'!A:C,3,FALSE) -> -77.051809 | AR98: =COUNTIF(P$2:$P$938,P98) -> 8 | AS98: {=_xlfn.IFS(E98<6,((E98/D98)*60)*0.5,AND(E98>=6,E98<9),((E98/D98)*60)*0.75,AND(E98>=9,E98<=11),((E98/D98)*60)*0.9,AND(E98=12),((E98/D98)*60)*1,AND(E98>=13,E98<=15),((E98/D98)*60)*1.2,AND(E98>=16,E98<=19),((E98/D98)*60)*1.5,E98>=20,((E98/D98)*60)*1.8)} -> 15.770851 | AT98: {=_xlfn.IFS(F98<550,((F98/D98)*60)*0.5,AND(F98>=550,F98<575),((F98/D98)*60)*0.75,AND(F98>=575,F98<600),((F98/D98)*60)*0.9,AND(F98=600),((F98/D98)*60)*1,AND(F98>=601,F98<=625),((F98/D98)*60)*1.2,AND(F98>=626,F98<=650),((F98/D98)*60)*1.5,F98>=651,((F98/D98)*60)*1.8)} -> 419.29233 | AU98: =(I98*-1.2)+(J98*-1.1)+(K98*1.2)+(L98*1.3)+(M98*1.5) -> -9.8583333 | AV98: =(AS98*0.4)+(AT98*0.4)+(AU98*0.2) -> 172.05361 | AW98: =PERCENTRANK(AV:AV,AV98)*100 -> 8.4 | AX98: =_xlfn.CONCAT(TEXT(C98,"mmm"),"-",AE98) -> Dec-2019 | AY98: =ROUNDUP(Table2[[#This Row],[Month]]/3,0) -> 4
A99: 98 | B99: =COUNTIF(R:R,R99) -> 14 | C99: 43809 | D99: =SUM(Table2[[#This Row],[Gray Min]:[Red Min]]) -> 56.966667 | E99: 7 | F99: 606 | G99: 125 | H99: 165 | I99: 10.716667 | J99: 18.783333 | K99: 20.466667 | L99: 6.5666667 | M99: 0.43333333 | N99: Dunn Lorring, VA | O99: 4:30PM | P99: Kandace | Q99: =C99-C98 -> 1 | R99: =MONTH(C99)&"-"&YEAR(C99) -> 12-2019 | S99: Orange 3G | T99: =IF(WEEKDAY(C99)=1,"Sunday",IF(WEEKDAY(C99)=2,"Monday",IF(WEEKDAY(C99)=3,"Tuesday",IF(WEEKDAY(C99)=4,"Wednesday",IF(WEEKDAY(C99)=5,"Thursday",IF(WEEKDAY(C99)=6,"Friday","Saturday")))))) -> Tuesday | U99: =IF(E99>=12,1,0) -> 0 | V99: =IFERROR(Table2[[#This Row],[Gray Min]]/Table2[[#This Row],[ClassLength]],"") -> 0.18812171 | W99: =IFERROR(Table2[[#This Row],[Blue Min]]/Table2[[#This Row],[ClassLength]],"") -> 0.32972499 | X99: =IFERROR(Table2[[#This Row],[Green Min]]/Table2[[#This Row],[ClassLength]],"") -> 0.35927443 | Y99: =IFERROR(Table2[[#This Row],[Orange Min]]/Table2[[#This Row],[ClassLength]],"") -> 0.11527209 | Z99: =IFERROR(Table2[[#This Row],[Red Min]]/Table2[[#This Row],[ClassLength]],"") -> 0.0076067876 | AA99: 232.14 | AB99: =AA99/B99 -> 16.581429 | AC99: =AVERAGEIF(R:R,R99,F:F) -> 626.71429 | AD99: =AVERAGEIF(R:R,R99,E:E) -> 15.071429 | AE99: =YEAR(C99) -> 2019 | AG99: 12 | AH99: =F99/D99 -> 10.6378 | AI99: =RIGHT(O99,2) -> PM | AJ99: =R99&"-"&WEEKNUM(C99,1)-WEEKNUM(DATE(YEAR(C99),MONTH(C99),1),1)+1 -> 12-2019-2 | AK99: =MONTH(C99) -> 12 | AL99: =IFERROR(Table2[[#This Row],[Calories]]/Table2[[#This Row],[Splat]],"") -> 86.571429 | AM99: =COUNTIF(N$2:$N$938,N99) -> 35 | AN99: =VLOOKUP(N99,'Helpful Tables'!A:D,4,FALSE) -> Virginia | AO99: =COUNTIF(AN:AN,Table2[[#This Row],[State]])/COUNTA(AN:AN) -> 0.056503198 | AP99: =VLOOKUP(N99,'Helpful Tables'!A:B,2,FALSE) -> 38.881885 | AQ99: =VLOOKUP(N99,'Helpful Tables'!A:C,3,FALSE) -> -77.229702 | AR99: =COUNTIF(P$2:$P$938,P99) -> 10 | AS99: {=_xlfn.IFS(E99<6,((E99/D99)*60)*0.5,AND(E99>=6,E99<9),((E99/D99)*60)*0.75,AND(E99>=9,E99<=11),((E99/D99)*60)*0.9,AND(E99=12),((E99/D99)*60)*1,AND(E99>=13,E99<=15),((E99/D99)*60)*1.2,AND(E99>=16,E99<=19),((E99/D99)*60)*1.5,E99>=20,((E99/D99)*60)*1.8)} -> 5.5295494 | AT99: {=_xlfn.IFS(F99<550,((F99/D99)*60)*0.5,AND(F99>=550,F99<575),((F99/D99)*60)*0.75,AND(F99>=575,F99<600),((F99/D99)*60)*0.9,AND(F99=600),((F99/D99)*60)*1,AND(F99>=601,F99<=625),((F99/D99)*60)*1.2,AND(F99>=626,F99<=650),((F99/D99)*60)*1.5,F99>=651,((F99/D99)*60)*1.8)} -> 765.92159 | AU99: =(I99*-1.2)+(J99*-1.1)+(K99*1.2)+(L99*1.3)+(M99*1.5) -> 0.225 | AV99: =(AS99*0.4)+(AT99*0.4)+(AU99*0.2) -> 308.62546 | AW99: =PERCENTRANK(AV:AV,AV99)*100 -> 30.8 | AX99: =_xlfn.CONCAT(TEXT(C99,"mmm"),"-",AE99) -> Dec-2019 | AY99: =ROUNDUP(Table2[[#This Row],[Month]]/3,0) -> 4
A100: 99 | B100: =COUNTIF(R:R,R100) -> 14 | C100: 43811 | D100: =SUM(Table2[[#This Row],[Gray Min]:[Red Min]]) -> 53.616667 | E100: 12 | F100: 595 | G100: 129 | H100: 167 | I100: 7.7833333 | J100: 13.833333 | K100: 20.033333 | L100: 10.516667 | M100: 1.45 | N100: 14th Street, DC | O100: 6:45PM | P100: Luke | Q100: =C100-C99 -> 2 | R100: =MONTH(C100)&"-"&YEAR(C100) -> 12-2019 | S100: Orange 3G | T100: =IF(WEEKDAY(C100)=1,"Sunday",IF(WEEKDAY(C100)=2,"Monday",IF(WEEKDAY(C100)=3,"Tuesday",IF(WEEKDAY(C100)=4,"Wednesday",IF(WEEKDAY(C100)=5,"Thursday",IF(WEEKDAY(C100)=6,"Friday","Saturday")))))) -> Thursday | U100: =IF(E100>=12,1,0) -> 1 | V100: =IFERROR(Table2[[#This Row],[Gray Min]]/Table2[[#This Row],[ClassLength]],"") -> 0.1451663 | W100: =IFERROR(Table2[[#This Row],[Blue Min]]/Table2[[#This Row],[ClassLength]],"") -> 0.25800435 | X100: =IFERROR(Table2[[#This Row],[Green Min]]/Table2[[#This Row],[ClassLength]],"") -> 0.37364004 | Y100: =IFERROR(Table2[[#This Row],[Orange Min]]/Table2[[#This Row],[ClassLength]],"") -> 0.19614548 | Z100: =IFERROR(Table2[[#This Row],[Red Min]]/Table2[[#This Row],[ClassLength]],"") -> 0.02704383 | AA100: 232.14 | AB100: =AA100/B100 -> 16.581429 | AC100: =AVERAGEIF(R:R,R100,F:F) -> 626.71429 | AD100: =AVERAGEIF(R:R,R100,E:E) -> 15.071429 | AE100: =YEAR(C100) -> 2019 | AG100: 12 | AH100: =F100/D100 -> 11.097296 | AI100: =RIGHT(O100,2) -> PM | AJ100: =R100&"-"&WEEKNUM(C100,1)-WEEKNUM(DATE(YEAR(C100),MONTH(C100),1),1)+1 -> 12-2019-2 | AK100: =MONTH(C100) -> 12 | AL100: =IFERROR(Table2[[#This Row],[Calories]]/Table2[[#This Row],[Splat]],"") -> 49.583333 | AM100: =COUNTIF(N$2:$N$938,N100) -> 48 | AN100: =VLOOKUP(N100,'Helpful Tables'!A:D,4,FALSE) -> Washington, DC | AO100: =COUNTIF(AN:AN,Table2[[#This Row],[State]])/COUNTA(AN:AN) -> 0.54904051 | AP100: =VLOOKUP(N100,'Helpful Tables'!A:B,2,FALSE) -> 38.916487 | AQ100: =VLOOKUP(N100,'Helpful Tables'!A:C,3,FALSE) -> -77.031514 | AR100: =COUNTIF(P$2:$P$938,P100) -> 3 | AS100: {=_xlfn.IFS(E100<6,((E100/D100)*60)*0.5,AND(E100>=6,E100<9),((E100/D100)*60)*0.75,AND(E100>=9,E100<=11),((E100/D100)*60)*0.9,AND(E100=12),((E100/D100)*60)*1,AND(E100>=13,E100<=15),((E100/D100)*60)*1.2,AND(E100>=16,E100<=19),((E100/D100)*60)*1.5,E100>=20,((E100/D100)*60)*1.8)} -> 13.42866 | AT100: {=_xlfn.IFS(F100<550,((F100/D100)*60)*0.5,AND(F100>=550,F100<575),((F100/D100)*60)*0.75,AND(F100>=575,F100<600),((F100/D100)*60)*0.9,AND(F100=600),((F100/D100)*60)*1,AND(F100>=601,F100<=625),((F100/D100)*60)*1.2,AND(F100>=626,F100<=650),((F100/D100)*60)*1.5,F100>=651,((F100/D100)*60)*1.8)} -> 599.25396 | AU100: =(I100*-1.2)+(J100*-1.1)+(K100*1.2)+(L100*1.3)+(M100*1.5) -> 15.33 | AV100: =(AS100*0.4)+(AT100*0.4)+(AU100*0.2) -> 248.13905 | AW100: =PERCENTRANK(AV:AV,AV100)*100 -> 22.9 | AX100: =_xlfn.CONCAT(TEXT(C100,"mmm"),"-",AE100) -> Dec-2019 | AY100: =ROUNDUP(Table2[[#This Row],[Month]]/3,0) -> 4
A101: 100 | B101: =COUNTIF(R:R,R101) -> 14 | C101: 43812 | D101: =SUM(Table2[[#This Row],[Gray Min]:[Red Min]]) -> 58.2 | E101: 21 | F101: 662 | G101: 130 | H101: 163 | I101: 8.7166667 | J101: 14.383333 | K101: 14.3 | L101: 19.616667 | M101: 1.1833333 | N101: 14th Street, DC | O101: 4:30PM | P101: Dwayne | Q101: =C101-C100 -> 1 | R101: =MONTH(C101)&"-"&YEAR(C101) -> 12-2019 | S101: Orange 60 Minute | T101: =IF(WEEKDAY(C101)=1,"Sunday",IF(WEEKDAY(C101)=2,"Monday",IF(WEEKDAY(C101)=3,"Tuesday",IF(WEEKDAY(C101)=4,"Wednesday",IF(WEEKDAY(C101)=5,"Thursday",IF(WEEKDAY(C101)=6,"Friday","Saturday")))))) -> Friday | U101: =IF(E101>=12,1,0) -> 1 | V101: =IFERROR(Table2[[#This Row],[Gray Min]]/Table2[[#This Row],[ClassLength]],"") -> 0.1497709 | W101: =IFERROR(Table2[[#This Row],[Blue Min]]/Table2[[#This Row],[ClassLength]],"") -> 0.24713631 | X101: =IFERROR(Table2[[#This Row],[Green Min]]/Table2[[#This Row],[ClassLength]],"") -> 0.24570447 | Y101: =IFERROR(Table2[[#This Row],[Orange Min]]/Table2[[#This Row],[ClassLength]],"") -> 0.33705613 | Z101: =IFERROR(Table2[[#This Row],[Red Min]]/Table2[[#This Row],[ClassLength]],"") -> 0.020332188 | AA101: 232.14 | AB101: =AA101/B101 -> 16.581429 | AC101: =AVERAGEIF(R:R,R101,F:F) -> 626.71429 | AD101: =AVERAGEIF(R:R,R101,E:E) -> 15.071429 | AE101: =YEAR(C101) -> 2019 | AG101: 12 | AH101: =F101/D101 -> 11.37457 | AI101: =RIGHT(O101,2) -> PM | AJ101: =R101&"-"&WEEKNUM(C101,1)-WEEKNUM(DATE(YEAR(C101),MONTH(C101),1),1)+1 -> 12-2019-2 | AK101: =MONTH(C101) -> 12 | AL101: =IFERROR(Table2[[#This Row],[Calories]]/Table2[[#This Row],[Splat]],"") -> 31.52381 | AM101: =COUNTIF(N$2:$N$938,N101) -> 48 | AN101: =VLOOKUP(N101,'Helpful Tables'!A:D,4,FALSE) -> Washington, DC | AO101: =COUNTIF(AN:AN,Table2[[#This Row],[State]])/COUNTA(AN:AN) -> 0.54904051 | AP101: =VLOOKUP(N101,'Helpful Tables'!A:B,2,FALSE) -> 38.916487 | AQ101: =VLOOKUP(N101,'Helpful Tables'!A:C,3,FALSE) -> -77.031514 | AR101: =COUNTIF(P$2:$P$938,P101) -> 2 | AS101: {=_xlfn.IFS(E101<6,((E101/D101)*60)*0.5,AND(E101>=6,E101<9),((E101/D101)*60)*0.75,AND(E101>=9,E101<=11),((E101/D101)*60)*0.9,AND(E101=12),((E101/D101)*60)*1,AND(E101>=13,E101<=15),((E101/D101)*60)*1.2,AND(E101>=16,E101<=19),((E101/D101)*60)*1.5,E101>=20,((E101/D101)*60)*1.8)} -> 38.969072 | AT101: {=_xlfn.IFS(F101<550,((F101/D101)*60)*0.5,AND(F101>=550,F101<575),((F101/D101)*60)*0.75,AND(F101>=575,F101<600),((F101/D101)*60)*0.9,AND(F101=600),((F101/D101)*60)*1,AND(F101>=601,F101<=625),((F101/D101)*60)*1.2,AND(F101>=626,F101<=650),((F101/D101)*60)*1.5,F101>=651,((F101/D101)*60)*1.8)} -> 1228.4536 | AU101: =(I101*-1.2)+(J101*-1.1)+(K101*1.2)+(L101*1.3)+(M101*1.5) -> 18.155 | AV101: =(AS101*0.4)+(AT101*0.4)+(AU101*0.2) -> 510.60007 | AW101: =PERCENTRANK(AV:AV,AV101)*100 -> 85.9 | AX101: =_xlfn.CONCAT(TEXT(C101,"mmm"),"-",AE101) -> Dec-2019 | AY101: =ROUNDUP(Table2[[#This Row],[Month]]/3,0) -> 4
A102: 101 | B102: =COUNTIF(R:R,R102) -> 14 | C102: 43814 | D102: =SUM(Table2[[#This Row],[Gray Min]:[Red Min]]) -> 58.633333 | E102: 18 | F102: 715 | G102: 135 | H102: 164 | I102: 3.9833333 | J102: 8.6333333 | K102: 28.716667 | L102: 16.633333 | M102: 0.66666667 | N102: 14th Street, DC | O102: 12:00PM | P102: Kara | Q102: =C102-C101 -> 2 | R102: =MONTH(C102)&"-"&YEAR(C102) -> 12-2019 | S102: Orange 3G | T102: =IF(WEEKDAY(C102)=1,"Sunday",IF(WEEKDAY(C102)=2,"Monday",IF(WEEKDAY(C102)=3,"Tuesday",IF(WEEKDAY(C102)=4,"Wednesday",IF(WEEKDAY(C102)=5,"Thursday",IF(WEEKDAY(C102)=6,"Friday","Saturday")))))) -> Sunday | U102: =IF(E102>=12,1,0) -> 1 | V102: =IFERROR(Table2[[#This Row],[Gray Min]]/Table2[[#This Row],[ClassLength]],"") -> 0.067936327 | W102: =IFERROR(Table2[[#This Row],[Blue Min]]/Table2[[#This Row],[ClassLength]],"") -> 0.14724275 | X102: =IFERROR(Table2[[#This Row],[Green Min]]/Table2[[#This Row],[ClassLength]],"") -> 0.48976691 | Y102: =IFERROR(Table2[[#This Row],[Orange Min]]/Table2[[#This Row],[ClassLength]],"") -> 0.28368391 | Z102: =IFERROR(Table2[[#This Row],[Red Min]]/Table2[[#This Row],[ClassLength]],"") -> 0.011370097 | AA102: 232.14 | AB102: =AA102/B102 -> 16.581429 | AC102: =AVERAGEIF(R:R,R102,F:F) -> 626.71429 | AD102: =AVERAGEIF(R:R,R102,E:E) -> 15.071429 | AE102: =YEAR(C102) -> 2019 | AG102: 12 | AH102: =F102/D102 -> 12.194429 | AI102: =RIGHT(O102,2) -> PM | AJ102: =R102&"-"&WEEKNUM(C102,1)-WEEKNUM(DATE(YEAR(C102),MONTH(C102),1),1)+1 -> 12-2019-3 | AK102: =MONTH(C102) -> 12 | AL102: =IFERROR(Table2[[#This Row],[Calories]]/Table2[[#This Row],[Splat]],"") -> 39.722222 | AM102: =COUNTIF(N$2:$N$938,N102) -> 48 | AN102: =VLOOKUP(N102,'Helpful Tables'!A:D,4,FALSE) -> Washington, DC | AO102: =COUNTIF(AN:AN,Table2[[#This Row],[State]])/COUNTA(AN:AN) -> 0.54904051 | AP102: =VLOOKUP(N102,'Helpful Tables'!A:B,2,FALSE) -> 38.916487 | AQ102: =VLOOKUP(N102,'Helpful Tables'!A:C,3,FALSE) -> -77.031514 | AR102: =COUNTIF(P$2:$P$938,P102) -> 5 | AS102: {=_xlfn.IFS(E102<6,((E102/D102)*60)*0.5,AND(E102>=6,E102<9),((E102/D102)*60)*0.75,AND(E102>=9,E102<=11),((E102/D102)*60)*0.9,AND(E102=12),((E102/D102)*60)*1,AND(E102>=13,E102<=15),((E102/D102)*60)*1.2,AND(E102>=16,E102<=19),((E102/D102)*60)*1.5,E102>=20,((E102/D102)*60)*1.8)} -> 27.629335 | AT102: {=_xlfn.IFS(F102<550,((F102/D102)*60)*0.5,AND(F102>=550,F102<575),((F102/D102)*60)*0.75,AND(F102>=575,F102<600),((F102/D102)*60)*0.9,AND(F102=600),((F102/D102)*60)*1,AND(F102>=601,F102<=625),((F102/D102)*60)*1.2,AND(F102>=626,F102<=650),((F102/D102)*60)*1.5,F102>=651,((F102/D102)*60)*1.8)} -> 1316.9983 | AU102: =(I102*-1.2)+(J102*-1.1)+(K102*1.2)+(L102*1.3)+(M102*1.5) -> 42.806667 | AV102: =(AS102*0.4)+(AT102*0.4)+(AU102*0.2) -> 546.41239 | AW102: =PERCENTRANK(AV:AV,AV102)*100 -> 97.4 | AX102: =_xlfn.CONCAT(TEXT(C102,"mmm"),"-",AE102) -> Dec-2019 | AY102: =ROUNDUP(Table2[[#This Row],[Month]]/3,0) -> 4
A103: 102 | B103: =COUNTIF(R:R,R103) -> 14 | C103: 43815 | D103: =SUM(Table2[[#This Row],[Gray Min]:[Red Min]]) -> 61.15 | E103: 19 | F103: 674 | G103: 128 | H103: 165 | I103: 16.633333 | J103: 12.333333 | K103: 13.25 | L103: 17.716667 | M103: 1.2166667 | N103: Foggy Bottom, DC | O103: 4:30PM | P103: Marcus | Q103: =C103-C102 -> 1 | R103: =MONTH(C103)&"-"&YEAR(C103) -> 12-2019 | S103: Orange 60 | T103: =IF(WEEKDAY(C103)=1,"Sunday",IF(WEEKDAY(C103)=2,"Monday",IF(WEEKDAY(C103)=3,"Tuesday",IF(WEEKDAY(C103)=4,"Wednesday",IF(WEEKDAY(C103)=5,"Thursday",IF(WEEKDAY(C103)=6,"Friday","Saturday")))))) -> Monday | U103: =IF(E103>=12,1,0) -> 1 | V103: =IFERROR(Table2[[#This Row],[Gray Min]]/Table2[[#This Row],[ClassLength]],"") -> 0.27200872 | W103: =IFERROR(Table2[[#This Row],[Blue Min]]/Table2[[#This Row],[ClassLength]],"") -> 0.20168983 | X103: =IFERROR(Table2[[#This Row],[Green Min]]/Table2[[#This Row],[ClassLength]],"") -> 0.21668029 | Y103: =IFERROR(Table2[[#This Row],[Orange Min]]/Table2[[#This Row],[ClassLength]],"") -> 0.28972472 | Z103: =IFERROR(Table2[[#This Row],[Red Min]]/Table2[[#This Row],[ClassLength]],"") -> 0.01989643 | AA103: 232.14 | AB103: =AA103/B103 -> 16.581429 | AC103: =AVERAGEIF(R:R,R103,F:F) -> 626.71429 | AD103: =AVERAGEIF(R:R,R103,E:E) -> 15.071429 | AE103: =YEAR(C103) -> 2019 | AG103: 12 | AH103: =F103/D103 -> 11.022077 | AI103: =RIGHT(O103,2) -> PM | AJ103: =R103&"-"&WEEKNUM(C103,1)-WEEKNUM(DATE(YEAR(C103),MONTH(C103),1),1)+1 -> 12-2019-3 | AK103: =MONTH(C103) -> 12 | AL103: =IFERROR(Table2[[#This Row],[Calories]]/Table2[[#This Row],[Splat]],"") -> 35.473684 | AM103: =COUNTIF(N$2:$N$938,N103) -> 38 | AN103: =VLOOKUP(N103,'Helpful Tables'!A:D,4,FALSE) -> Washington, DC | AO103: =COUNTIF(AN:AN,Table2[[#This Row],[State]])/COUNTA(AN:AN) -> 0.54904051 | AP103: =VLOOKUP(N103,'Helpful Tables'!A:B,2,FALSE) -> 38.90351 | AQ103: =VLOOKUP(N103,'Helpful Tables'!A:C,3,FALSE) -> -77.051809 | AR103: =COUNTIF(P$2:$P$938,P103) -> 8 | AS103: {=_xlfn.IFS(E103<6,((E103/D103)*60)*0.5,AND(E103>=6,E103<9),((E103/D103)*60)*0.75,AND(E103>=9,E103<=11),((E103/D103)*60)*0.9,AND(E103=12),((E103/D103)*60)*1,AND(E103>=13,E103<=15),((E103/D103)*60)*1.2,AND(E103>=16,E103<=19),((E103/D103)*60)*1.5,E103>=20,((E103/D103)*60)*1.8)} -> 27.964023 | AT103: {=_xlfn.IFS(F103<550,((F103/D103)*60)*0.5,AND(F103>=550,F103<575),((F103/D103)*60)*0.75,AND(F103>=575,F103<600),((F103/D103)*60)*0.9,AND(F103=600),((F103/D103)*60)*1,AND(F103>=601,F103<=625),((F103/D103)*60)*1.2,AND(F103>=626,F103<=650),((F103/D103)*60)*1.5,F103>=651,((F103/D103)*60)*1.8)} -> 1190.3843 | AU103: =(I103*-1.2)+(J103*-1.1)+(K103*1.2)+(L103*1.3)+(M103*1.5) -> 7.23 | AV103: =(AS103*0.4)+(AT103*0.4)+(AU103*0.2) -> 488.78533 | AW103: =PERCENTRANK(AV:AV,AV103)*100 -> 72.9 | AX103: =_xlfn.CONCAT(TEXT(C103,"mmm"),"-",AE103) -> Dec-2019 | AY103: =ROUNDUP(Table2[[#This Row],[Month]]/3,0) -> 4
A104: 103 | B104: =COUNTIF(R:R,R104) -> 14 | C104: 43816 | D104: =SUM(Table2[[#This Row],[Gray Min]:[Red Min]]) -> 57 | E104: 11 | F104: 594 | G104: 124 | H104: 163 | I104: 13.916667 | J104: 16.866667 | K104: 15.2 | L104: 10.216667 | M104: 0.8 | N104: Dunn Lorring, VA | O104: 4:30PM | P104: Kandace | Q104: =C104-C103 -> 1 | R104: =MONTH(C104)&"-"&YEAR(C104) -> 12-2019 | S104: Orange 3G | T104: =IF(WEEKDAY(C104)=1,"Sunday",IF(WEEKDAY(C104)=2,"Monday",IF(WEEKDAY(C104)=3,"Tuesday",IF(WEEKDAY(C104)=4,"Wednesday",IF(WEEKDAY(C104)=5,"Thursday",IF(WEEKDAY(C104)=6,"Friday","Saturday")))))) -> Tuesday | U104: =IF(E104>=12,1,0) -> 0 | V104: =IFERROR(Table2[[#This Row],[Gray Min]]/Table2[[#This Row],[ClassLength]],"") -> 0.24415205 | W104: =IFERROR(Table2[[#This Row],[Blue Min]]/Table2[[#This Row],[ClassLength]],"") -> 0.29590643 | X104: =IFERROR(Table2[[#This Row],[Green Min]]/Table2[[#This Row],[ClassLength]],"") -> 0.26666667 | Y104: =IFERROR(Table2[[#This Row],[Orange Min]]/Table2[[#This Row],[ClassLength]],"") -> 0.17923977 | Z104: =IFERROR(Table2[[#This Row],[Red Min]]/Table2[[#This Row],[ClassLength]],"") -> 0.014035088 | AA104: 232.14 | AB104: =AA104/B104 -> 16.581429 | AC104: =AVERAGEIF(R:R,R104,F:F) -> 626.71429 | AD104: =AVERAGEIF(R:R,R104,E:E) -> 15.071429 | AE104: =YEAR(C104) -> 2019 | AG104: 12 | AH104: =F104/D104 -> 10.421053 | AI104: =RIGHT(O104,2) -> PM | AJ104: =R104&"-"&WEEKNUM(C104,1)-WEEKNUM(DATE(YEAR(C104),MONTH(C104),1),1)+1 -> 12-2019-3 | AK104: =MONTH(C104) -> 12 | AL104: =IFERROR(Table2[[#This Row],[Calories]]/Table2[[#This Row],[Splat]],"") -> 54 | AM104: =COUNTIF(N$2:$N$938,N104) -> 35 | AN104: =VLOOKUP(N104,'Helpful Tables'!A:D,4,FALSE) -> Virginia | AO104: =COUNTIF(AN:AN,Table2[[#This Row],[State]])/COUNTA(AN:AN) -> 0.056503198 | AP104: =VLOOKUP(N104,'Helpful Tables'!A:B,2,FALSE) -> 38.881885 | AQ104: =VLOOKUP(N104,'Helpful Tables'!A:C,3,FALSE) -> -77.229702 | AR104: =COUNTIF(P$2:$P$938,P104) -> 10 | AS104: {=_xlfn.IFS(E104<6,((E104/D104)*60)*0.5,AND(E104>=6,E104<9),((E104/D104)*60)*0.75,AND(E104>=9,E104<=11),((E104/D104)*60)*0.9,AND(E104=12),((E104/D104)*60)*1,AND(E104>=13,E104<=15),((E104/D104)*60)*1.2,AND(E104>=16,E104<=19),((E104/D104)*60)*1.5,E104>=20,((E104/D104)*60)*1.8)} -> 10.421053 | AT104: {=_xlfn.IFS(F104<550,((F104/D104)*60)*0.5,AND(F104>=550,F104<575),((F104/D104)*60)*0.75,AND(F104>=575,F104<600),((F104/D104)*60)*0.9,AND(F104=600),((F104/D104)*60)*1,AND(F104>=601,F104<=625),((F104/D104)*60)*1.2,AND(F104>=626,F104<=650),((F104/D104)*60)*1.5,F104>=651,((F104/D104)*60)*1.8)} -> 562.73684 | AU104: =(I104*-1.2)+(J104*-1.1)+(K104*1.2)+(L104*1.3)+(M104*1.5) -> -2.5316667 | AV104: =(AS104*0.4)+(AT104*0.4)+(AU104*0.2) -> 228.75682 | AW104: =PERCENTRANK(AV:AV,AV104)*100 -> 19.5 | AX104: =_xlfn.CONCAT(TEXT(C104,"mmm"),"-",AE104) -> Dec-2019 | AY104: =ROUNDUP(Table2[[#This Row],[Month]]/3,0) -> 4
... A137: 136 | B137: =COUNTIF(R:R,R137) -> 8 | C137: 43893 | D137: =SUM(Table2[[#This Row],[Gray Min]:[Red Min]]) -> 59.15 | E137: 12 | F137: 575 | G137: 119 | H137: 167 | I137: 22.466667 | J137: 14.266667 | K137: 10.55 | L137: 10.716667 | M137: 1.15 | N137: Dunn Lorring, VA | O137: 5:45PM | P137: Darrell | Q137: =C137-C136 -> 3 | R137: =MONTH(C137)&"-"&YEAR(C137) -> 3-2020 | S137: Orange 3G | T137: =IF(WEEKDAY(C137)=1,"Sunday",IF(WEEKDAY(C137)=2,"Monday",IF(WEEKDAY(C137)=3,"Tuesday",IF(WEEKDAY(C137)=4,"Wednesday",IF(WEEKDAY(C137)=5,"Thursday",IF(WEEKDAY(C137)=6,"Friday","Saturday")))))) -> Tuesday | U137: =IF(E137>=12,1,0) -> 1 | V137: =IFERROR(Table2[[#This Row],[Gray Min]]/Table2[[#This Row],[ClassLength]],"") -> 0.3798253 | W137: =IFERROR(Table2[[#This Row],[Blue Min]]/Table2[[#This Row],[ClassLength]],"") -> 0.2411947 | X137: =IFERROR(Table2[[#This Row],[Green Min]]/Table2[[#This Row],[ClassLength]],"") -> 0.1783601 | Y137: =IFERROR(Table2[[#This Row],[Orange Min]]/Table2[[#This Row],[ClassLength]],"") -> 0.1811778 | Z137: =IFERROR(Table2[[#This Row],[Red Min]]/Table2[[#This Row],[ClassLength]],"") -> 0.019442096 | AA137: 232.14 | AB137: =AA137/B137 -> 29.0175 | AC137: =AVERAGEIF(R:R,R137,F:F) -> 589 | AD137: =AVERAGEIF(R:R,R137,E:E) -> 13 | AE137: =YEAR(C137) -> 2020 | AG137: 12 | AH137: =F137/D137 -> 9.7210482 | AI137: =RIGHT(O137,2) -> PM | AJ137: =R137&"-"&WEEKNUM(C137,1)-WEEKNUM(DATE(YEAR(C137),MONTH(C137),1),1)+1 -> 3-2020-1 | AK137: =MONTH(C137) -> 3 | AL137: =IFERROR(Table2[[#This Row],[Calories]]/Table2[[#This Row],[Splat]],"") -> 47.916667 | AM137: =COUNTIF(N$2:$N$938,N137) -> 35 | AN137: =VLOOKUP(N137,'Helpful Tables'!A:D,4,FALSE) -> Virginia | AO137: =COUNTIF(AN:AN,Table2[[#This Row],[State]])/COUNTA(AN:AN) -> 0.056503198 | AP137: =VLOOKUP(N137,'Helpful Tables'!A:B,2,FALSE) -> 38.881885 | AQ137: =VLOOKUP(N137,'Helpful Tables'!A:C,3,FALSE) -> -77.229702 | AR137: =COUNTIF(P$2:$P$938,P137) -> 4 | AS137: {=_xlfn.IFS(E137<6,((E137/D137)*60)*0.5,AND(E137>=6,E137<9),((E137/D137)*60)*0.75,AND(E137>=9,E137<=11),((E137/D137)*60)*0.9,AND(E137=12),((E137/D137)*60)*1,AND(E137>=13,E137<=15),((E137/D137)*60)*1.2,AND(E137>=16,E137<=19),((E137/D137)*60)*1.5,E137>=20,((E137/D137)*60)*1.8)} -> 12.172443 | AT137: {=_xlfn.IFS(F137<550,((F137/D137)*60)*0.5,AND(F137>=550,F137<575),((F137/D137)*60)*0.75,AND(F137>=575,F137<600),((F137/D137)*60)*0.9,AND(F137=600),((F137/D137)*60)*1,AND(F137>=601,F137<=625),((F137/D137)*60)*1.2,AND(F137>=626,F137<=650),((F137/D137)*60)*1.5,F137>=651,((F137/D137)*60)*1.8)} -> 524.9366 | AU137: =(I137*-1.2)+(J137*-1.1)+(K137*1.2)+(L137*1.3)+(M137*1.5) -> -14.336667 | AV137: =(AS137*0.4)+(AT137*0.4)+(AU137*0.2) -> 211.97628 | AW137: =PERCENTRANK(AV:AV,AV137)*100 -> 14.3 | AX137: =_xlfn.CONCAT(TEXT(C137,"mmm"),"-",AE137) -> Mar-2020 | AY137: =ROUNDUP(Table2[[#This Row],[Month]]/3,0) -> 1
A138: 137 | B138: =COUNTIF(R:R,R138) -> 8 | C138: 43894 | D138: =SUM(Table2[[#This Row],[Gray Min]:[Red Min]]) -> 57.033333 | E138: 18 | F138: 596 | G138: 123 | H138: 170 | I138: 20.433333 | J138: 10.333333 | K138: 8.5833333 | L138: 14.633333 | M138: 3.05 | N138: Foggy Bottom, DC | O138: 4:30PM | P138: Damani | Q138: =C138-C137 -> 1 | R138: =MONTH(C138)&"-"&YEAR(C138) -> 3-2020 | T138: =IF(WEEKDAY(C138)=1,"Sunday",IF(WEEKDAY(C138)=2,"Monday",IF(WEEKDAY(C138)=3,"Tuesday",IF(WEEKDAY(C138)=4,"Wednesday",IF(WEEKDAY(C138)=5,"Thursday",IF(WEEKDAY(C138)=6,"Friday","Saturday")))))) -> Wednesday | U138: =IF(E138>=12,1,0) -> 1 | V138: =IFERROR(Table2[[#This Row],[Gray Min]]/Table2[[#This Row],[ClassLength]],"") -> 0.35827002 | W138: =IFERROR(Table2[[#This Row],[Blue Min]]/Table2[[#This Row],[ClassLength]],"") -> 0.1811806 | X138: =IFERROR(Table2[[#This Row],[Green Min]]/Table2[[#This Row],[ClassLength]],"") -> 0.15049679 | Y138: =IFERROR(Table2[[#This Row],[Orange Min]]/Table2[[#This Row],[ClassLength]],"") -> 0.2565751 | Z138: =IFERROR(Table2[[#This Row],[Red Min]]/Table2[[#This Row],[ClassLength]],"") -> 0.053477499 | AA138: 232.14 | AB138: =AA138/B138 -> 29.0175 | AC138: =AVERAGEIF(R:R,R138,F:F) -> 589 | AD138: =AVERAGEIF(R:R,R138,E:E) -> 13 | AE138: =YEAR(C138) -> 2020 | AG138: 12 | AH138: =F138/D138 -> 10.450029 | AI138: =RIGHT(O138,2) -> PM | AJ138: =R138&"-"&WEEKNUM(C138,1)-WEEKNUM(DATE(YEAR(C138),MONTH(C138),1),1)+1 -> 3-2020-1 | AK138: =MONTH(C138) -> 3 | AL138: =IFERROR(Table2[[#This Row],[Calories]]/Table2[[#This Row],[Splat]],"") -> 33.111111 | AM138: =COUNTIF(N$2:$N$938,N138) -> 38 | AN138: =VLOOKUP(N138,'Helpful Tables'!A:D,4,FALSE) -> Washington, DC | AO138: =COUNTIF(AN:AN,Table2[[#This Row],[State]])/COUNTA(AN:AN) -> 0.54904051 | AP138: =VLOOKUP(N138,'Helpful Tables'!A:B,2,FALSE) -> 38.90351 | AQ138: =VLOOKUP(N138,'Helpful Tables'!A:C,3,FALSE) -> -77.051809 | AR138: =COUNTIF(P$2:$P$938,P138) -> 20 | AS138: {=_xlfn.IFS(E138<6,((E138/D138)*60)*0.5,AND(E138>=6,E138<9),((E138/D138)*60)*0.75,AND(E138>=9,E138<=11),((E138/D138)*60)*0.9,AND(E138=12),((E138/D138)*60)*1,AND(E138>=13,E138<=15),((E138/D138)*60)*1.2,AND(E138>=16,E138<=19),((E138/D138)*60)*1.5,E138>=20,((E138/D138)*60)*1.8)} -> 28.404442 | AT138: {=_xlfn.IFS(F138<550,((F138/D138)*60)*0.5,AND(F138>=550,F138<575),((F138/D138)*60)*0.75,AND(F138>=575,F138<600),((F138/D138)*60)*0.9,AND(F138=600),((F138/D138)*60)*1,AND(F138>=601,F138<=625),((F138/D138)*60)*1.2,AND(F138>=626,F138<=650),((F138/D138)*60)*1.5,F138>=651,((F138/D138)*60)*1.8)} -> 564.30158 | AU138: =(I138*-1.2)+(J138*-1.1)+(K138*1.2)+(L138*1.3)+(M138*1.5) -> -1.9883333 | AV138: =(AS138*0.4)+(AT138*0.4)+(AU138*0.2) -> 236.68474 | AW138: =PERCENTRANK(AV:AV,AV138)*100 -> 21 | AX138: =_xlfn.CONCAT(TEXT(C138,"mmm"),"-",AE138) -> Mar-2020 | AY138: =ROUNDUP(Table2[[#This Row],[Month]]/3,0) -> 1
A139: 138 | B139: =COUNTIF(R:R,R139) -> 8 | C139: 43895 | D139: =SUM(Table2[[#This Row],[Gray Min]:[Red Min]]) -> 55.883333 | E139: 21 | F139: 663 | G139: 133 | H139: 165 | I139: 8.7666667 | J139: 11.183333 | K139: 15.033333 | L139: 18.883333 | M139: 2.0166667 | N139: Georgetown, DC | O139: 5:45PM | P139: Rachel2 | Q139: =C139-C138 -> 1 | R139: =MONTH(C139)&"-"&YEAR(C139) -> 3-2020 | S139: Orange 60 Minute | T139: =IF(WEEKDAY(C139)=1,"Sunday",IF(WEEKDAY(C139)=2,"Monday",IF(WEEKDAY(C139)=3,"Tuesday",IF(WEEKDAY(C139)=4,"Wednesday",IF(WEEKDAY(C139)=5,"Thursday",IF(WEEKDAY(C139)=6,"Friday","Saturday")))))) -> Thursday | U139: =IF(E139>=12,1,0) -> 1 | V139: =IFERROR(Table2[[#This Row],[Gray Min]]/Table2[[#This Row],[ClassLength]],"") -> 0.15687444 | W139: =IFERROR(Table2[[#This Row],[Blue Min]]/Table2[[#This Row],[ClassLength]],"") -> 0.2001193 | X139: =IFERROR(Table2[[#This Row],[Green Min]]/Table2[[#This Row],[ClassLength]],"") -> 0.26901282 | Y139: =IFERROR(Table2[[#This Row],[Orange Min]]/Table2[[#This Row],[ClassLength]],"") -> 0.33790635 | Z139: =IFERROR(Table2[[#This Row],[Red Min]]/Table2[[#This Row],[ClassLength]],"") -> 0.036087086 | AA139: 232.14 | AB139: =AA139/B139 -> 29.0175 | AC139: =AVERAGEIF(R:R,R139,F:F) -> 589 | AD139: =AVERAGEIF(R:R,R139,E:E) -> 13 | AE139: =YEAR(C139) -> 2020 | AG139: 12 | AH139: =F139/D139 -> 11.864002 | AI139: =RIGHT(O139,2) -> PM | AJ139: =R139&"-"&WEEKNUM(C139,1)-WEEKNUM(DATE(YEAR(C139),MONTH(C139),1),1)+1 -> 3-2020-1 | AK139: =MONTH(C139) -> 3 | AL139: =IFERROR(Table2[[#This Row],[Calories]]/Table2[[#This Row],[Splat]],"") -> 31.571429 | AM139: =COUNTIF(N$2:$N$938,N139) -> 4 | AN139: =VLOOKUP(N139,'Helpful Tables'!A:D,4,FALSE) -> Washington, DC | AO139: =COUNTIF(AN:AN,Table2[[#This Row],[State]])/COUNTA(AN:AN) -> 0.54904051 | AP139: =VLOOKUP(N139,'Helpful Tables'!A:B,2,FALSE) -> 38.915415 | AQ139: =VLOOKUP(N139,'Helpful Tables'!A:C,3,FALSE) -> -77.067173 | AR139: =COUNTIF(P$2:$P$938,P139) -> 3 | AS139: {=_xlfn.IFS(E139<6,((E139/D139)*60)*0.5,AND(E139>=6,E139<9),((E139/D139)*60)*0.75,AND(E139>=9,E139<=11),((E139/D139)*60)*0.9,AND(E139=12),((E139/D139)*60)*1,AND(E139>=13,E139<=15),((E139/D139)*60)*1.2,AND(E139>=16,E139<=19),((E139/D139)*60)*1.5,E139>=20,((E139/D139)*60)*1.8)} -> 40.584551 | AT139: {=_xlfn.IFS(F139<550,((F139/D139)*60)*0.5,AND(F139>=550,F139<575),((F139/D139)*60)*0.75,AND(F139>=575,F139<600),((F139/D139)*60)*0.9,AND(F139=600),((F139/D139)*60)*1,AND(F139>=601,F139<=625),((F139/D139)*60)*1.2,AND(F139>=626,F139<=650),((F139/D139)*60)*1.5,F139>=651,((F139/D139)*60)*1.8)} -> 1281.3123 | AU139: =(I139*-1.2)+(J139*-1.1)+(K139*1.2)+(L139*1.3)+(M139*1.5) -> 22.791667 | AV139: =(AS139*0.4)+(AT139*0.4)+(AU139*0.2) -> 533.31706 | AW139: =PERCENTRANK(AV:AV,AV139)*100 -> 94.6 | AX139: =_xlfn.CONCAT(TEXT(C139,"mmm"),"-",AE139) -> Mar-2020 | AY139: =ROUNDUP(Table2[[#This Row],[Month]]/3,0) -> 1
A140: 139 | B140: =COUNTIF(R:R,R140) -> 8 | C140: 43897 | D140: =SUM(Table2[[#This Row],[Gray Min]:[Red Min]]) -> 55.3 | E140: 14 | F140: 623 | G140: 129 | H140: 166 | I140: 8.8 | J140: 15.55 | K140: 17.65 | L140: 12.6 | M140: 0.7 | N140: 14th Street, DC | O140: 9:30AM | P140: Tiffany | Q140: =C140-C139 -> 2 | R140: =MONTH(C140)&"-"&YEAR(C140) -> 3-2020 | S140: Orange 3G | T140: =IF(WEEKDAY(C140)=1,"Sunday",IF(WEEKDAY(C140)=2,"Monday",IF(WEEKDAY(C140)=3,"Tuesday",IF(WEEKDAY(C140)=4,"Wednesday",IF(WEEKDAY(C140)=5,"Thursday",IF(WEEKDAY(C140)=6,"Friday","Saturday")))))) -> Saturday | U140: =IF(E140>=12,1,0) -> 1 | V140: =IFERROR(Table2[[#This Row],[Gray Min]]/Table2[[#This Row],[ClassLength]],"") -> 0.15913201 | W140: =IFERROR(Table2[[#This Row],[Blue Min]]/Table2[[#This Row],[ClassLength]],"") -> 0.28119349 | X140: =IFERROR(Table2[[#This Row],[Green Min]]/Table2[[#This Row],[ClassLength]],"") -> 0.31916817 | Y140: =IFERROR(Table2[[#This Row],[Orange Min]]/Table2[[#This Row],[ClassLength]],"") -> 0.2278481 | Z140: =IFERROR(Table2[[#This Row],[Red Min]]/Table2[[#This Row],[ClassLength]],"") -> 0.012658228 | AA140: 232.14 | AB140: =AA140/B140 -> 29.0175 | AC140: =AVERAGEIF(R:R,R140,F:F) -> 589 | AD140: =AVERAGEIF(R:R,R140,E:E) -> 13 | AE140: =YEAR(C140) -> 2020 | AG140: 12 | AH140: =F140/D140 -> 11.265823 | AI140: =RIGHT(O140,2) -> AM | AJ140: =R140&"-"&WEEKNUM(C140,1)-WEEKNUM(DATE(YEAR(C140),MONTH(C140),1),1)+1 -> 3-2020-1 | AK140: =MONTH(C140) -> 3 | AL140: =IFERROR(Table2[[#This Row],[Calories]]/Table2[[#This Row],[Splat]],"") -> 44.5 | AM140: =COUNTIF(N$2:$N$938,N140) -> 48 | AN140: =VLOOKUP(N140,'Helpful Tables'!A:D,4,FALSE) -> Washington, DC | AO140: =COUNTIF(AN:AN,Table2[[#This Row],[State]])/COUNTA(AN:AN) -> 0.54904051 | AP140: =VLOOKUP(N140,'Helpful Tables'!A:B,2,FALSE) -> 38.916487 | AQ140: =VLOOKUP(N140,'Helpful Tables'!A:C,3,FALSE) -> -77.031514 | AR140: =COUNTIF(P$2:$P$938,P140) -> 30 | AS140: {=_xlfn.IFS(E140<6,((E140/D140)*60)*0.5,AND(E140>=6,E140<9),((E140/D140)*60)*0.75,AND(E140>=9,E140<=11),((E140/D140)*60)*0.9,AND(E140=12),((E140/D140)*60)*1,AND(E140>=13,E140<=15),((E140/D140)*60)*1.2,AND(E140>=16,E140<=19),((E140/D140)*60)*1.5,E140>=20,((E140/D140)*60)*1.8)} -> 18.227848 | AT140: {=_xlfn.IFS(F140<550,((F140/D140)*60)*0.5,AND(F140>=550,F140<575),((F140/D140)*60)*0.75,AND(F140>=575,F140<600),((F140/D140)*60)*0.9,AND(F140=600),((F140/D140)*60)*1,AND(F140>=601,F140<=625),((F140/D140)*60)*1.2,AND(F140>=626,F140<=650),((F140/D140)*60)*1.5,F140>=651,((F140/D140)*60)*1.8)} -> 811.13924 | AU140: =(I140*-1.2)+(J140*-1.1)+(K140*1.2)+(L140*1.3)+(M140*1.5) -> 10.945 | AV140: =(AS140*0.4)+(AT140*0.4)+(AU140*0.2) -> 333.93584 | AW140: =PERCENTRANK(AV:AV,AV140)*100 -> 41.5 | AX140: =_xlfn.CONCAT(TEXT(C140,"mmm"),"-",AE140) -> Mar-2020 | AY140: =ROUNDUP(Table2[[#This Row],[Month]]/3,0) -> 1
A141: 140 | B141: =COUNTIF(R:R,R141) -> 8 | C141: 43899 | D141: =SUM(Table2[[#This Row],[Gray Min]:[Red Min]]) -> 58.4 | E141: 18 | F141: 584 | G141: 120 | H141: 168 | I141: 24.233333 | J141: 5.95 | K141: 10.316667 | L141: 15.15 | M141: 2.75 | N141: Foggy Bottom, DC | O141: 4:30PM | P141: Marcus | Q141: =C141-C140 -> 2 | R141: =MONTH(C141)&"-"&YEAR(C141) -> 3-2020 | S141: Orange 60 | T141: =IF(WEEKDAY(C141)=1,"Sunday",IF(WEEKDAY(C141)=2,"Monday",IF(WEEKDAY(C141)=3,"Tuesday",IF(WEEKDAY(C141)=4,"Wednesday",IF(WEEKDAY(C141)=5,"Thursday",IF(WEEKDAY(C141)=6,"Friday","Saturday")))))) -> Monday | U141: =IF(E141>=12,1,0) -> 1 | V141: =IFERROR(Table2[[#This Row],[Gray Min]]/Table2[[#This Row],[ClassLength]],"") -> 0.41495434 | W141: =IFERROR(Table2[[#This Row],[Blue Min]]/Table2[[#This Row],[ClassLength]],"") -> 0.10188356 | X141: =IFERROR(Table2[[#This Row],[Green Min]]/Table2[[#This Row],[ClassLength]],"") -> 0.17665525 | Y141: =IFERROR(Table2[[#This Row],[Orange Min]]/Table2[[#This Row],[ClassLength]],"") -> 0.25941781 | Z141: =IFERROR(Table2[[#This Row],[Red Min]]/Table2[[#This Row],[ClassLength]],"") -> 0.047089041 | AA141: 232.14 | AB141: =AA141/B141 -> 29.0175 | AC141: =AVERAGEIF(R:R,R141,F:F) -> 589 | AD141: =AVERAGEIF(R:R,R141,E:E) -> 13 | AE141: =YEAR(C141) -> 2020 | AG141: 12 | AH141: =F141/D141 -> 10 | AI141: =RIGHT(O141,2) -> PM | AJ141: =R141&"-"&WEEKNUM(C141,1)-WEEKNUM(DATE(YEAR(C141),MONTH(C141),1),1)+1 -> 3-2020-2 | AK141: =MONTH(C141) -> 3 | AL141: =IFERROR(Table2[[#This Row],[Calories]]/Table2[[#This Row],[Splat]],"") -> 32.444444 | AM141: =COUNTIF(N$2:$N$938,N141) -> 38 | AN141: =VLOOKUP(N141,'Helpful Tables'!A:D,4,FALSE) -> Washington, DC | AO141: =COUNTIF(AN:AN,Table2[[#This Row],[State]])/COUNTA(AN:AN) -> 0.54904051 | AP141: =VLOOKUP(N141,'Helpful Tables'!A:B,2,FALSE) -> 38.90351 | AQ141: =VLOOKUP(N141,'Helpful Tables'!A:C,3,FALSE) -> -77.051809 | AR141: =COUNTIF(P$2:$P$938,P141) -> 8 | AS141: {=_xlfn.IFS(E141<6,((E141/D141)*60)*0.5,AND(E141>=6,E141<9),((E141/D141)*60)*0.75,AND(E141>=9,E141<=11),((E141/D141)*60)*0.9,AND(E141=12),((E141/D141)*60)*1,AND(E141>=13,E141<=15),((E141/D141)*60)*1.2,AND(E141>=16,E141<=19),((E141/D141)*60)*1.5,E141>=20,((E141/D141)*60)*1.8)} -> 27.739726 | AT141: {=_xlfn.IFS(F141<550,((F141/D141)*60)*0.5,AND(F141>=550,F141<575),((F141/D141)*60)*0.75,AND(F141>=575,F141<600),((F141/D141)*60)*0.9,AND(F141=600),((F141/D141)*60)*1,AND(F141>=601,F141<=625),((F141/D141)*60)*1.2,AND(F141>=626,F141<=650),((F141/D141)*60)*1.5,F141>=651,((F141/D141)*60)*1.8)} -> 540 | AU141: =(I141*-1.2)+(J141*-1.1)+(K141*1.2)+(L141*1.3)+(M141*1.5) -> 0.575 | AV141: =(AS141*0.4)+(AT141*0.4)+(AU141*0.2) -> 227.21089 | AW141: =PERCENTRANK(AV:AV,AV141)*100 -> 18.9 | AX141: =_xlfn.CONCAT(TEXT(C141,"mmm"),"-",AE141) -> Mar-2020 | AY141: =ROUNDUP(Table2[[#This Row],[Month]]/3,0) -> 1
A142: 141 | B142: =COUNTIF(R:R,R142) -> 8 | C142: 43900 | D142: =SUM(Table2[[#This Row],[Gray Min]:[Red Min]]) -> 58.933333 | E142: 7 | F142: 570 | G142: 118 | H142: 162 | I142: 20.15 | J142: 12.3 | K142: 19.416667 | L142: 6.9833333 | M142: 0.083333333 | N142: Foggy Bottom, DC | O142: 5:45PM | P142: Gabi | Q142: =C142-C141 -> 1 | R142: =MONTH(C142)&"-"&YEAR(C142) -> 3-2020 | S142: Orange 3G | T142: =IF(WEEKDAY(C142)=1,"Sunday",IF(WEEKDAY(C142)=2,"Monday",IF(WEEKDAY(C142)=3,"Tuesday",IF(WEEKDAY(C142)=4,"Wednesday",IF(WEEKDAY(C142)=5,"Thursday",IF(WEEKDAY(C142)=6,"Friday","Saturday")))))) -> Tuesday | U142: =IF(E142>=12,1,0) -> 0 | V142: =IFERROR(Table2[[#This Row],[Gray Min]]/Table2[[#This Row],[ClassLength]],"") -> 0.34191176 | W142: =IFERROR(Table2[[#This Row],[Blue Min]]/Table2[[#This Row],[ClassLength]],"") -> 0.20871041 | X142: =IFERROR(Table2[[#This Row],[Green Min]]/Table2[[#This Row],[ClassLength]],"") -> 0.32946833 | Y142: =IFERROR(Table2[[#This Row],[Orange Min]]/Table2[[#This Row],[ClassLength]],"") -> 0.11849548 | Z142: =IFERROR(Table2[[#This Row],[Red Min]]/Table2[[#This Row],[ClassLength]],"") -> 0.0014140271 | AA142: 232.14 | AB142: =AA142/B142 -> 29.0175 | AC142: =AVERAGEIF(R:R,R142,F:F) -> 589 | AD142: =AVERAGEIF(R:R,R142,E:E) -> 13 | AE142: =YEAR(C142) -> 2020 | AG142: 12 | AH142: =F142/D142 -> 9.6719457 | AI142: =RIGHT(O142,2) -> PM | AJ142: =R142&"-"&WEEKNUM(C142,1)-WEEKNUM(DATE(YEAR(C142),MONTH(C142),1),1)+1 -> 3-2020-2 | AK142: =MONTH(C142) -> 3 | AL142: =IFERROR(Table2[[#This Row],[Calories]]/Table2[[#This Row],[Splat]],"") -> 81.428571 | AM142: =COUNTIF(N$2:$N$938,N142) -> 38 | AN142: =VLOOKUP(N142,'Helpful Tables'!A:D,4,FALSE) -> Washington, DC | AO142: =COUNTIF(AN:AN,Table2[[#This Row],[State]])/COUNTA(AN:AN) -> 0.54904051 | AP142: =VLOOKUP(N142,'Helpful Tables'!A:B,2,FALSE) -> 38.90351 | AQ142: =VLOOKUP(N142,'Helpful Tables'!A:C,3,FALSE) -> -77.051809 | AR142: =COUNTIF(P$2:$P$938,P142) -> 1 | AS142: {=_xlfn.IFS(E142<6,((E142/D142)*60)*0.5,AND(E142>=6,E142<9),((E142/D142)*60)*0.75,AND(E142>=9,E142<=11),((E142/D142)*60)*0.9,AND(E142=12),((E142/D142)*60)*1,AND(E142>=13,E142<=15),((E142/D142)*60)*1.2,AND(E142>=16,E142<=19),((E142/D142)*60)*1.5,E142>=20,((E142/D142)*60)*1.8)} -> 5.3450226 | AT142: {=_xlfn.IFS(F142<550,((F142/D142)*60)*0.5,AND(F142>=550,F142<575),((F142/D142)*60)*0.75,AND(F142>=575,F142<600),((F142/D142)*60)*0.9,AND(F142=600),((F142/D142)*60)*1,AND(F142>=601,F142<=625),((F142/D142)*60)*1.2,AND(F142>=626,F142<=650),((F142/D142)*60)*1.5,F142>=651,((F142/D142)*60)*1.8)} -> 435.23756 | AU142: =(I142*-1.2)+(J142*-1.1)+(K142*1.2)+(L142*1.3)+(M142*1.5) -> -5.2066667 | AV142: =(AS142*0.4)+(AT142*0.4)+(AU142*0.2) -> 175.1917 | AW142: =PERCENTRANK(AV:AV,AV142)*100 -> 9.3 | AX142: =_xlfn.CONCAT(TEXT(C142,"mmm"),"-",AE142) -> Mar-2020 | AY142: =ROUNDUP(Table2[[#This Row],[Month]]/3,0) -> 1
A143: 142 | B143: =COUNTIF(R:R,R143) -> 8 | C143: 43902 | D143: =SUM(Table2[[#This Row],[Gray Min]:[Red Min]]) -> 59.483333 | E143: 14 | F143: 576 | G143: 118 | H143: 169 | I143: 25.166667 | J143: 7.5666667 | K143: 12.366667 | L143: 13 | M143: 1.3833333 | N143: Georgetown, DC | O143: 5:45PM | P143: Rachel2 | Q143: =C143-C142 -> 2 | R143: =MONTH(C143)&"-"&YEAR(C143) -> 3-2020 | S143: Orange 60 Minute | T143: =IF(WEEKDAY(C143)=1,"Sunday",IF(WEEKDAY(C143)=2,"Monday",IF(WEEKDAY(C143)=3,"Tuesday",IF(WEEKDAY(C143)=4,"Wednesday",IF(WEEKDAY(C143)=5,"Thursday",IF(WEEKDAY(C143)=6,"Friday","Saturday")))))) -> Thursday | U143: =IF(E143>=12,1,0) -> 1 | V143: =IFERROR(Table2[[#This Row],[Gray Min]]/Table2[[#This Row],[ClassLength]],"") -> 0.4230877 | W143: =IFERROR(Table2[[#This Row],[Blue Min]]/Table2[[#This Row],[ClassLength]],"") -> 0.1272065 | X143: =IFERROR(Table2[[#This Row],[Green Min]]/Table2[[#This Row],[ClassLength]],"") -> 0.20790137 | Y143: =IFERROR(Table2[[#This Row],[Orange Min]]/Table2[[#This Row],[ClassLength]],"") -> 0.21854861 | Z143: =IFERROR(Table2[[#This Row],[Red Min]]/Table2[[#This Row],[ClassLength]],"") -> 0.023255814 | AA143: 232.14 | AB143: =AA143/B143 -> 29.0175 | AC143: =AVERAGEIF(R:R,R143,F:F) -> 589 | AD143: =AVERAGEIF(R:R,R143,E:E) -> 13 | AE143: =YEAR(C143) -> 2020 | AG143: 12 | AH143: =F143/D143 -> 9.6833847 | AI143: =RIGHT(O143,2) -> PM | AJ143: =R143&"-"&WEEKNUM(C143,1)-WEEKNUM(DATE(YEAR(C143),MONTH(C143),1),1)+1 -> 3-2020-2 | AK143: =MONTH(C143) -> 3 | AL143: =IFERROR(Table2[[#This Row],[Calories]]/Table2[[#This Row],[Splat]],"") -> 41.142857 | AM143: =COUNTIF(N$2:$N$938,N143) -> 4 | AN143: =VLOOKUP(N143,'Helpful Tables'!A:D,4,FALSE) -> Washington, DC | AO143: =COUNTIF(AN:AN,Table2[[#This Row],[State]])/COUNTA(AN:AN) -> 0.54904051 | AP143: =VLOOKUP(N143,'Helpful Tables'!A:B,2,FALSE) -> 38.915415 | AQ143: =VLOOKUP(N143,'Helpful Tables'!A:C,3,FALSE) -> -77.067173 | AR143: =COUNTIF(P$2:$P$938,P143) -> 3 | AS143: {=_xlfn.IFS(E143<6,((E143/D143)*60)*0.5,AND(E143>=6,E143<9),((E143/D143)*60)*0.75,AND(E143>=9,E143<=11),((E143/D143)*60)*0.9,AND(E143=12),((E143/D143)*60)*1,AND(E143>=13,E143<=15),((E143/D143)*60)*1.2,AND(E143>=16,E143<=19),((E143/D143)*60)*1.5,E143>=20,((E143/D143)*60)*1.8)} -> 16.945923 | AT143: {=_xlfn.IFS(F143<550,((F143/D143)*60)*0.5,AND(F143>=550,F143<575),((F143/D143)*60)*0.75,AND(F143>=575,F143<600),((F143/D143)*60)*0.9,AND(F143=600),((F143/D143)*60)*1,AND(F143>=601,F143<=625),((F143/D143)*60)*1.2,AND(F143>=626,F143<=650),((F143/D143)*60)*1.5,F143>=651,((F143/D143)*60)*1.8)} -> 522.90277 | AU143: =(I143*-1.2)+(J143*-1.1)+(K143*1.2)+(L143*1.3)+(M143*1.5) -> -4.7083333 | AV143: =(AS143*0.4)+(AT143*0.4)+(AU143*0.2) -> 214.99781 | AW143: =PERCENTRANK(AV:AV,AV143)*100 -> 15.3 | AX143: =_xlfn.CONCAT(TEXT(C143,"mmm"),"-",AE143) -> Mar-2020 | AY143: =ROUNDUP(Table2[[#This Row],[Month]]/3,0) -> 1
A144: 143 | B144: =COUNTIF(R:R,R144) -> 8 | C144: 43904 | D144: =SUM(Table2[[#This Row],[Gray Min]:[Red Min]]) -> 56.233333 | E144: 0 | F144: 525 | G144: 116 | H144: 146 | I144: 16.633333 | J144: 20.266667 | K144: 19.333333 | L144: 0 | M144: 0 | N144: Cleveland Park, DC | O144: 9:10AM | P144: Eva | Q144: =C144-C143 -> 2 | R144: =MONTH(C144)&"-"&YEAR(C144) -> 3-2020 | S144: Orange 3G | T144: =IF(WEEKDAY(C144)=1,"Sunday",IF(WEEKDAY(C144)=2,"Monday",IF(WEEKDAY(C144)=3,"Tuesday",IF(WEEKDAY(C144)=4,"Wednesday",IF(WEEKDAY(C144)=5,"Thursday",IF(WEEKDAY(C144)=6,"Friday","Saturday")))))) -> Saturday | U144: =IF(E144>=12,1,0) -> 0 | V144: =IFERROR(Table2[[#This Row],[Gray Min]]/Table2[[#This Row],[ClassLength]],"") -> 0.29579135 | W144: =IFERROR(Table2[[#This Row],[Blue Min]]/Table2[[#This Row],[ClassLength]],"") -> 0.36040308 | X144: =IFERROR(Table2[[#This Row],[Green Min]]/Table2[[#This Row],[ClassLength]],"") -> 0.34380557 | Y144: =IFERROR(Table2[[#This Row],[Orange Min]]/Table2[[#This Row],[ClassLength]],"") -> 0 | Z144: =IFERROR(Table2[[#This Row],[Red Min]]/Table2[[#This Row],[ClassLength]],"") -> 0 | AA144: 232.14 | AB144: =AA144/B144 -> 29.0175 | AC144: =AVERAGEIF(R:R,R144,F:F) -> 589 | AD144: =AVERAGEIF(R:R,R144,E:E) -> 13 | AE144: =YEAR(C144) -> 2020 | AG144: 12 | AH144: =F144/D144 -> 9.3360996 | AI144: =RIGHT(O144,2) -> AM | AJ144: =R144&"-"&WEEKNUM(C144,1)-WEEKNUM(DATE(YEAR(C144),MONTH(C144),1),1)+1 -> 3-2020-2 | AK144: =MONTH(C144) -> 3 | AL144: =IFERROR(Table2[[#This Row],[Calories]]/Table2[[#This Row],[Splat]],"") | AM144: =COUNTIF(N$2:$N$938,N144) -> 218 | AN144: =VLOOKUP(N144,'Helpful Tables'!A:D,4,FALSE) -> Washington, DC | AO144: =COUNTIF(AN:AN,Table2[[#This Row],[State]])/COUNTA(AN:AN) -> 0.54904051 | AP144: =VLOOKUP(N144,'Helpful Tables'!A:B,2,FALSE) -> 38.93471 | AQ144: =VLOOKUP(N144,'Helpful Tables'!A:C,3,FALSE) -> -77.058223 | AR144: =COUNTIF(P$2:$P$938,P144) -> 1 | AS144: {=_xlfn.IFS(E144<6,((E144/D144)*60)*0.5,AND(E144>=6,E144<9),((E144/D144)*60)*0.75,AND(E144>=9,E144<=11),((E144/D144)*60)*0.9,AND(E144=12),((E144/D144)*60)*1,AND(E144>=13,E144<=15),((E144/D144)*60)*1.2,AND(E144>=16,E144<=19),((E144/D144)*60)*1.5,E144>=20,((E144/D144)*60)*1.8)} -> 0 | AT144: {=_xlfn.IFS(F144<550,((F144/D144)*60)*0.5,AND(F144>=550,F144<575),((F144/D144)*60)*0.75,AND(F144>=575,F144<600),((F144/D144)*60)*0.9,AND(F144=600),((F144/D144)*60)*1,AND(F144>=601,F144<=625),((F144/D144)*60)*1.2,AND(F144>=626,F144<=650),((F144/D144)*60)*1.5,F144>=651,((F144/D144)*60)*1.8)} -> 280.08299 | AU144: =(I144*-1.2)+(J144*-1.1)+(K144*1.2)+(L144*1.3)+(M144*1.5) -> -19.053333 | AV144: =(AS144*0.4)+(AT144*0.4)+(AU144*0.2) -> 108.22253 | AW144: =PERCENTRANK(AV:AV,AV144)*100 -> 3.4 | AX144: =_xlfn.CONCAT(TEXT(C144,"mmm"),"-",AE144) -> Mar-2020 | AY144: =ROUNDUP(Table2[[#This Row],[Month]]/3,0) -> 1
A145: 144 | B145: =COUNTIF(R:R,R145) -> 5 | C145: 44341 | D145: =SUM(Table2[[#This Row],[Gray Min]:[Red Min]]) -> 56 | E145: 15 | F145: 645 | G145: 130 | H145: 170 | I145: 10 | J145: 14 | K145: 17 | L145: 11 | M145: 4 | N145: Cleveland Park, DC | O145: 5:30PM | P145: Anthony | Q145: =C145-C144 -> 437 | R145: =MONTH(C145)&"-"&YEAR(C145) -> 5-2021 | S145: Orange 60 MIN 3G - Reduced Capacity Mask Optional | T145: =IF(WEEKDAY(C145)=1,"Sunday",IF(WEEKDAY(C145)=2,"Monday",IF(WEEKDAY(C145)=3,"Tuesday",IF(WEEKDAY(C145)=4,"Wednesday",IF(WEEKDAY(C145)=5,"Thursday",IF(WEEKDAY(C145)=6,"Friday","Saturday")))))) -> Tuesday | U145: =IF(E145>=12,1,0) -> 1 | V145: =IFERROR(Table2[[#This Row],[Gray Min]]/Table2[[#This Row],[ClassLength]],"") -> 0.17857143 | W145: =IFERROR(Table2[[#This Row],[Blue Min]]/Table2[[#This Row],[ClassLength]],"") -> 0.25 | X145: =IFERROR(Table2[[#This Row],[Green Min]]/Table2[[#This Row],[ClassLength]],"") -> 0.30357143 | Y145: =IFERROR(Table2[[#This Row],[Orange Min]]/Table2[[#This Row],[ClassLength]],"") -> 0.19642857 | Z145: =IFERROR(Table2[[#This Row],[Red Min]]/Table2[[#This Row],[ClassLength]],"") -> 0.071428571 | AA145: 71.327742 | AB145: =AA145/B145 -> 14.265548 | AC145: =AVERAGEIF(R:R,R145,F:F) -> 657.6 | AD145: =AVERAGEIF(R:R,R145,E:E) -> 14.4 | AE145: =YEAR(C145) -> 2021 | AF145: 83.74 | AG145: 3 | AH145: =F145/D145 -> 11.517857 | AI145: =RIGHT(O145,2) -> PM | AJ145: =R145&"-"&WEEKNUM(C145,1)-WEEKNUM(DATE(YEAR(C145),MONTH(C145),1),1)+1 -> 5-2021-5 | AK145: =MONTH(C145) -> 5 | AL145: =IFERROR(Table2[[#This Row],[Calories]]/Table2[[#This Row],[Splat]],"") -> 43 | AM145: =COUNTIF(N$2:$N$938,N145) -> 218 | AN145: =VLOOKUP(N145,'Helpful Tables'!A:D,4,FALSE) -> Washington, DC | AO145: =COUNTIF(AN:AN,Table2[[#This Row],[State]])/COUNTA(AN:AN) -> 0.54904051 | AP145: =VLOOKUP(N145,'Helpful Tables'!A:B,2,FALSE) -> 38.93471 | AQ145: =VLOOKUP(N145,'Helpful Tables'!A:C,3,FALSE) -> -77.058223 | AR145: =COUNTIF(P$2:$P$938,P145) -> 15 | AS145: {=_xlfn.IFS(E145<6,((E145/D145)*60)*0.5,AND(E145>=6,E145<9),((E145/D145)*60)*0.75,AND(E145>=9,E145<=11),((E145/D145)*60)*0.9,AND(E145=12),((E145/D145)*60)*1,AND(E145>=13,E145<=15),((E145/D145)*60)*1.2,AND(E145>=16,E145<=19),((E145/D145)*60)*1.5,E145>=20,((E145/D145)*60)*1.8)} -> 19.285714 | AT145: {=_xlfn.IFS(F145<550,((F145/D145)*60)*0.5,AND(F145>=550,F145<575),((F145/D145)*60)*0.75,AND(F145>=575,F145<600),((F145/D145)*60)*0.9,AND(F145=600),((F145/D145)*60)*1,AND(F145>=601,F145<=625),((F145/D145)*60)*1.2,AND(F145>=626,F145<=650),((F145/D145)*60)*1.5,F145>=651,((F145/D145)*60)*1.8)} -> 1036.6071 | AU145: =(I145*-1.2)+(J145*-1.1)+(K145*1.2)+(L145*1.3)+(M145*1.5) -> 13.3 | AV145: =(AS145*0.4)+(AT145*0.4)+(AU145*0.2) -> 425.01714 | AW145: =PERCENTRANK(AV:AV,AV145)*100 -> 63.4 | AX145: =_xlfn.CONCAT(TEXT(C145,"mmm"),"-",AE145) -> May-2021 | AY145: =ROUNDUP(Table2[[#This Row],[Month]]/3,0) -> 2
A146: 145 | B146: =COUNTIF(R:R,R146) -> 5 | C146: 44342 | D146: =SUM(Table2[[#This Row],[Gray Min]:[Red Min]]) -> 57 | E146: 15 | F146: 656 | G146: 132 | H146: 168 | I146: 6 | J146: 11 | K146: 25 | L146: 11 | M146: 4 | N146: Cleveland Park, DC | O146: 5:30PM | P146: Angie | Q146: =C146-C145 -> 1 | R146: =MONTH(C146)&"-"&YEAR(C146) -> 5-2021 | S146: Orange 60 MIN 3G - Reduced Capacity Mask Optional | T146: =IF(WEEKDAY(C146)=1,"Sunday",IF(WEEKDAY(C146)=2,"Monday",IF(WEEKDAY(C146)=3,"Tuesday",IF(WEEKDAY(C146)=4,"Wednesday",IF(WEEKDAY(C146)=5,"Thursday",IF(WEEKDAY(C146)=6,"Friday","Saturday")))))) -> Wednesday | U146: =IF(E146>=12,1,0) -> 1 | V146: =IFERROR(Table2[[#This Row],[Gray Min]]/Table2[[#This Row],[ClassLength]],"") -> 0.10526316 | W146: =IFERROR(Table2[[#This Row],[Blue Min]]/Table2[[#This Row],[ClassLength]],"") -> 0.19298246 | X146: =IFERROR(Table2[[#This Row],[Green Min]]/Table2[[#This Row],[ClassLength]],"") -> 0.43859649 | Y146: =IFERROR(Table2[[#This Row],[Orange Min]]/Table2[[#This Row],[ClassLength]],"") -> 0.19298246 | Z146: =IFERROR(Table2[[#This Row],[Red Min]]/Table2[[#This Row],[ClassLength]],"") -> 0.070175439 | AA146: 71.327742 | AB146: =AA146/B146 -> 14.265548 | AC146: =AVERAGEIF(R:R,R146,F:F) -> 657.6 | AD146: =AVERAGEIF(R:R,R146,E:E) -> 14.4 | AE146: =YEAR(C146) -> 2021 | AG146: 3 | AH146: =F146/D146 -> 11.508772 | AI146: =RIGHT(O146,2) -> PM | AJ146: =R146&"-"&WEEKNUM(C146,1)-WEEKNUM(DATE(YEAR(C146),MONTH(C146),1),1)+1 -> 5-2021-5 | AK146: =MONTH(C146) -> 5 | AL146: =IFERROR(Table2[[#This Row],[Calories]]/Table2[[#This Row],[Splat]],"") -> 43.733333 | AM146: =COUNTIF(N$2:$N$938,N146) -> 218 | AN146: =VLOOKUP(N146,'Helpful Tables'!A:D,4,FALSE) -> Washington, DC | AO146: =COUNTIF(AN:AN,Table2[[#This Row],[State]])/COUNTA(AN:AN) -> 0.54904051 | AP146: =VLOOKUP(N146,'Helpful Tables'!A:B,2,FALSE) -> 38.93471 | AQ146: =VLOOKUP(N146,'Helpful Tables'!A:C,3,FALSE) -> -77.058223 | AR146: =COUNTIF(P$2:$P$938,P146) -> 71 | AS146: {=_xlfn.IFS(E146<6,((E146/D146)*60)*0.5,AND(E146>=6,E146<9),((E146/D146)*60)*0.75,AND(E146>=9,E146<=11),((E146/D146)*60)*0.9,AND(E146=12),((E146/D146)*60)*1,AND(E146>=13,E146<=15),((E146/D146)*60)*1.2,AND(E146>=16,E146<=19),((E146/D146)*60)*1.5,E146>=20,((E146/D146)*60)*1.8)} -> 18.947368 | AT146: {=_xlfn.IFS(F146<550,((F146/D146)*60)*0.5,AND(F146>=550,F146<575),((F146/D146)*60)*0.75,AND(F146>=575,F146<600),((F146/D146)*60)*0.9,AND(F146=600),((F146/D146)*60)*1,AND(F146>=601,F146<=625),((F146/D146)*60)*1.2,AND(F146>=626,F146<=650),((F146/D146)*60)*1.5,F146>=651,((F146/D146)*60)*1.8)} -> 1242.9474 | AU146: =(I146*-1.2)+(J146*-1.1)+(K146*1.2)+(L146*1.3)+(M146*1.5) -> 31 | AV146: =(AS146*0.4)+(AT146*0.4)+(AU146*0.2) -> 510.95789 | AW146: =PERCENTRANK(AV:AV,AV146)*100 -> 86.1 | AX146: =_xlfn.CONCAT(TEXT(C146,"mmm"),"-",AE146) -> May-2021 | AY146: =ROUNDUP(Table2[[#This Row],[Month]]/3,0) -> 2
A147: 146 | B147: =COUNTIF(R:R,R147) -> 5 | C147: 44344 | D147: =SUM(Table2[[#This Row],[Gray Min]:[Red Min]]) -> 55 | E147: 14 | F147: 609 | G147: 127 | H147: 167 | I147: 10 | J147: 16 | K147: 15 | L147: 12 | M147: 2 | N147: Cleveland Park, DC | O147: 5:30PM | P147: Lauren | Q147: =C147-C146 -> 2 | R147: =MONTH(C147)&"-"&YEAR(C147) -> 5-2021 | S147: Orange 60 MIN 3G - Reduced Capacity Mask Optional | T147: =IF(WEEKDAY(C147)=1,"Sunday",IF(WEEKDAY(C147)=2,"Monday",IF(WEEKDAY(C147)=3,"Tuesday",IF(WEEKDAY(C147)=4,"Wednesday",IF(WEEKDAY(C147)=5,"Thursday",IF(WEEKDAY(C147)=6,"Friday","Saturday")))))) -> Friday | U147: =IF(E147>=12,1,0) -> 1 | V147: =IFERROR(Table2[[#This Row],[Gray Min]]/Table2[[#This Row],[ClassLength]],"") -> 0.18181818 | W147: =IFERROR(Table2[[#This Row],[Blue Min]]/Table2[[#This Row],[ClassLength]],"") -> 0.29090909 | X147: =IFERROR(Table2[[#This Row],[Green Min]]/Table2[[#This Row],[ClassLength]],"") -> 0.27272727 | Y147: =IFERROR(Table2[[#This Row],[Orange Min]]/Table2[[#This Row],[ClassLength]],"") -> 0.21818182 | Z147: =IFERROR(Table2[[#This Row],[Red Min]]/Table2[[#This Row],[ClassLength]],"") -> 0.036363636 | AA147: 71.327742 | AB147: =AA147/B147 -> 14.265548 | AC147: =AVERAGEIF(R:R,R147,F:F) -> 657.6 | AD147: =AVERAGEIF(R:R,R147,E:E) -> 14.4 | AE147: =YEAR(C147) -> 2021 | AG147: 3 | AH147: =F147/D147 -> 11.072727 | AI147: =RIGHT(O147,2) -> PM | AJ147: =R147&"-"&WEEKNUM(C147,1)-WEEKNUM(DATE(YEAR(C147),MONTH(C147),1),1)+1 -> 5-2021-5 | AK147: =MONTH(C147) -> 5 | AL147: =IFERROR(Table2[[#This Row],[Calories]]/Table2[[#This Row],[Splat]],"") -> 43.5 | AM147: =COUNTIF(N$2:$N$938,N147) -> 218 | AN147: =VLOOKUP(N147,'Helpful Tables'!A:D,4,FALSE) -> Washington, DC | AO147: =COUNTIF(AN:AN,Table2[[#This Row],[State]])/COUNTA(AN:AN) -> 0.54904051 | AP147: =VLOOKUP(N147,'Helpful Tables'!A:B,2,FALSE) -> 38.93471 | AQ147: =VLOOKUP(N147,'Helpful Tables'!A:C,3,FALSE) -> -77.058223 | AR147: =COUNTIF(P$2:$P$938,P147) -> 14 | AS147: {=_xlfn.IFS(E147<6,((E147/D147)*60)*0.5,AND(E147>=6,E147<9),((E147/D147)*60)*0.75,AND(E147>=9,E147<=11),((E147/D147)*60)*0.9,AND(E147=12),((E147/D147)*60)*1,AND(E147>=13,E147<=15),((E147/D147)*60)*1.2,AND(E147>=16,E147<=19),((E147/D147)*60)*1.5,E147>=20,((E147/D147)*60)*1.8)} -> 18.327273 | AT147: {=_xlfn.IFS(F147<550,((F147/D147)*60)*0.5,AND(F147>=550,F147<575),((F147/D147)*60)*0.75,AND(F147>=575,F147<600),((F147/D147)*60)*0.9,AND(F147=600),((F147/D147)*60)*1,AND(F147>=601,F147<=625),((F147/D147)*60)*1.2,AND(F147>=626,F147<=650),((F147/D147)*60)*1.5,F147>=651,((F147/D147)*60)*1.8)} -> 797.23636 | AU147: =(I147*-1.2)+(J147*-1.1)+(K147*1.2)+(L147*1.3)+(M147*1.5) -> 7 | AV147: =(AS147*0.4)+(AT147*0.4)+(AU147*0.2) -> 327.62545 | AW147: =PERCENTRANK(AV:AV,AV147)*100 -> 39.7 | AX147: =_xlfn.CONCAT(TEXT(C147,"mmm"),"-",AE147) -> May-2021 | AY147: =ROUNDUP(Table2[[#This Row],[Month]]/3,0) -> 2
A148: 147 | B148: =COUNTIF(R:R,R148) -> 5 | C148: 44346 | D148: =SUM(Table2[[#This Row],[Gray Min]:[Red Min]]) -> 59 | E148: 9 | F148: 696 | G148: 131 | H148: 170 | I148: 5 | J148: 11 | K148: 34 | L148: 8 | M148: 1 | N148: Cleveland Park, DC | O148: 9:30AM | P148: Miles | Q148: =C148-C147 -> 2 | R148: =MONTH(C148)&"-"&YEAR(C148) -> 5-2021 | S148: Orange 60 MIN 3G - Reduced Capacity Mask Optional | T148: =IF(WEEKDAY(C148)=1,"Sunday",IF(WEEKDAY(C148)=2,"Monday",IF(WEEKDAY(C148)=3,"Tuesday",IF(WEEKDAY(C148)=4,"Wednesday",IF(WEEKDAY(C148)=5,"Thursday",IF(WEEKDAY(C148)=6,"Friday","Saturday")))))) -> Sunday | U148: =IF(E148>=12,1,0) -> 0 | V148: =IFERROR(Table2[[#This Row],[Gray Min]]/Table2[[#This Row],[ClassLength]],"") -> 0.084745763 | W148: =IFERROR(Table2[[#This Row],[Blue Min]]/Table2[[#This Row],[ClassLength]],"") -> 0.18644068 | X148: =IFERROR(Table2[[#This Row],[Green Min]]/Table2[[#This Row],[ClassLength]],"") -> 0.57627119 | Y148: =IFERROR(Table2[[#This Row],[Orange Min]]/Table2[[#This Row],[ClassLength]],"") -> 0.13559322 | Z148: =IFERROR(Table2[[#This Row],[Red Min]]/Table2[[#This Row],[ClassLength]],"") -> 0.016949153 | AA148: 71.327742 | AB148: =AA148/B148 -> 14.265548 | AC148: =AVERAGEIF(R:R,R148,F:F) -> 657.6 | AD148: =AVERAGEIF(R:R,R148,E:E) -> 14.4 | AE148: =YEAR(C148) -> 2021 | AG148: 3 | AH148: =F148/D148 -> 11.79661 | AI148: =RIGHT(O148,2) -> AM | AJ148: =R148&"-"&WEEKNUM(C148,1)-WEEKNUM(DATE(YEAR(C148),MONTH(C148),1),1)+1 -> 5-2021-6 | AK148: =MONTH(C148) -> 5 | AL148: =IFERROR(Table2[[#This Row],[Calories]]/Table2[[#This Row],[Splat]],"") -> 77.333333 | AM148: =COUNTIF(N$2:$N$938,N148) -> 218 | AN148: =VLOOKUP(N148,'Helpful Tables'!A:D,4,FALSE) -> Washington, DC | AO148: =COUNTIF(AN:AN,Table2[[#This Row],[State]])/COUNTA(AN:AN) -> 0.54904051 | AP148: =VLOOKUP(N148,'Helpful Tables'!A:B,2,FALSE) -> 38.93471 | AQ148: =VLOOKUP(N148,'Helpful Tables'!A:C,3,FALSE) -> -77.058223 | AR148: =COUNTIF(P$2:$P$938,P148) -> 28 | AS148: {=_xlfn.IFS(E148<6,((E148/D148)*60)*0.5,AND(E148>=6,E148<9),((E148/D148)*60)*0.75,AND(E148>=9,E148<=11),((E148/D148)*60)*0.9,AND(E148=12),((E148/D148)*60)*1,AND(E148>=13,E148<=15),((E148/D148)*60)*1.2,AND(E148>=16,E148<=19),((E148/D148)*60)*1.5,E148>=20,((E148/D148)*60)*1.8)} -> 8.2372881 | AT148: {=_xlfn.IFS(F148<550,((F148/D148)*60)*0.5,AND(F148>=550,F148<575),((F148/D148)*60)*0.75,AND(F148>=575,F148<600),((F148/D148)*60)*0.9,AND(F148=600),((F148/D148)*60)*1,AND(F148>=601,F148<=625),((F148/D148)*60)*1.2,AND(F148>=626,F148<=650),((F148/D148)*60)*1.5,F148>=651,((F148/D148)*60)*1.8)} -> 1274.0339 | AU148: =(I148*-1.2)+(J148*-1.1)+(K148*1.2)+(L148*1.3)+(M148*1.5) -> 34.6 | AV148: =(AS148*0.4)+(AT148*0.4)+(AU148*0.2) -> 519.82847 | AW148: =PERCENTRANK(AV:AV,AV148)*100 -> 89.7 | AX148: =_xlfn.CONCAT(TEXT(C148,"mmm"),"-",AE148) -> May-2021 | AY148: =ROUNDUP(Table2[[#This Row],[Month]]/3,0) -> 2
